-- MySQL dump 10.13  Distrib 8.0.12, for Win64 (x86_64)
--
-- Host: informatica.iesquevedo.es    Database: oscar
-- ------------------------------------------------------
-- Server version	8.0.13

/*!40101 SET @OLD_CHARACTER_SET_CLIENT=@@CHARACTER_SET_CLIENT */;
/*!40101 SET @OLD_CHARACTER_SET_RESULTS=@@CHARACTER_SET_RESULTS */;
/*!40101 SET @OLD_COLLATION_CONNECTION=@@COLLATION_CONNECTION */;
 SET NAMES utf8 ;
/*!40103 SET @OLD_TIME_ZONE=@@TIME_ZONE */;
/*!40103 SET TIME_ZONE='+00:00' */;
/*!40014 SET @OLD_UNIQUE_CHECKS=@@UNIQUE_CHECKS, UNIQUE_CHECKS=0 */;
/*!40014 SET @OLD_FOREIGN_KEY_CHECKS=@@FOREIGN_KEY_CHECKS, FOREIGN_KEY_CHECKS=0 */;
/*!40101 SET @OLD_SQL_MODE=@@SQL_MODE, SQL_MODE='NO_AUTO_VALUE_ON_ZERO' */;
/*!40111 SET @OLD_SQL_NOTES=@@SQL_NOTES, SQL_NOTES=0 */;

--
-- Table structure for table `objetos`
--

DROP TABLE IF EXISTS `objetos`;
/*!40101 SET @saved_cs_client     = @@character_set_client */;
 SET character_set_client = utf8mb4 ;
CREATE TABLE `objetos` (
  `id` int(11) NOT NULL AUTO_INCREMENT,
  `nombre` varchar(250) NOT NULL,
  `descripcion` varchar(250) NOT NULL,
  `marca` varchar(250) DEFAULT NULL,
  `tipo` varchar(250) DEFAULT NULL,
  `id_ubicacion` int(11) NOT NULL,
  PRIMARY KEY (`id`),
  KEY `ubicaciones_objeto_idx` (`id_ubicacion`),
  CONSTRAINT `ubicaciones_objeto` FOREIGN KEY (`id_ubicacion`) REFERENCES `ubicaciones` (`id`)
) ENGINE=InnoDB AUTO_INCREMENT=1001 DEFAULT CHARSET=utf8mb4 COLLATE=utf8mb4_0900_ai_ci;
/*!40101 SET character_set_client = @saved_cs_client */;

--
-- Dumping data for table `objetos`
--

LOCK TABLES `objetos` WRITE;
/*!40000 ALTER TABLE `objetos` DISABLE KEYS */;
INSERT INTO `objetos` VALUES (1,'Fintone 1','Abnormal reflex','Twitterlist','monitor',3),(2,'Regrant 2','Sensory problem with head','Fanoodle','router',46),(3,'Prodder 3','Viremia, unspecified','Dabvine','router',23),(4,'Overhold 4','Screening for developmental handicaps in early childhood','Yoveo','computer',49),(5,'Toughjoyfax 5','Disorders of other visual pathways associated with vascular disorders','Quamba','computer',33),(6,'It 6','Non-healing surgical wound','Gabtype','hdd',2),(7,'Stim 7','Plasma cell leukemia, without mention of having achieved remission','Jabbersphere','hdd',35),(8,'Tres-Zap 8','Other colostomy and enterostomy complication','Zooveo','monitor',19),(9,'Mat Lam Tam 9','Transient tic disorder','Aivee','printer',16),(10,'Konklux 10','Other joint replacement','Tagtune','router',16),(11,'Lotlux 11','Atrophy of tongue papillae','Jaxworks','hdd',42),(12,'Bytecard 12','Hypertensive heart and chronic kidney disease, benign, with heart failure and with chronic kidney disease stage I through stage IV, or unspecified','Bluejam','hdd',13),(13,'Opela 13','Primary exertional headache','Meetz','printer',37),(14,'Redhold 14','Febrile convulsions (simple), unspecified','Dabjam','printer',13),(15,'Veribet 15','Hepatitis C carrier','Vimbo','router',41),(16,'Span 16','Cervical spondylosis with myelopathy','Tagcat','router',3),(17,'Bitwolf 17','Other anomalies of nose','Eare','hdd',49),(18,'Quo Lux 18','Malignant neoplasm of ill-defined sites within the lip and oral cavity','Jetwire','computer',16),(19,'Ventosanzap 19','Femoral hernia without mention of obstruction or gangrene, bilateral (not specified as recurrent)','Jabbersphere','monitor',49),(20,'Y-find 20','Other enthesopathy of elbow region','Snaptags','computer',10),(21,'Konklux 21','Primary uterine inertia, antepartum condition or complication','Oodoo','computer',35),(22,'Otcom 22','Injury to bladder and urethra, with open wound into cavity','Buzzdog','hdd',21),(23,'Cardify 23','Unspecified injury of heart without mention of open wound into thorax','Jazzy','monitor',9),(24,'Asoka 24','Other motor vehicle nontraffic accident involving collision with moving object injuring unspecified person','Dabvine','hdd',47),(25,'Andalax 25','Drug-induced delirium','Meembee','router',36),(26,'Fintone 26','Papanicolaou smear of vagina with low grade squamous intraepithelial lesion (LGSIL)','Leenti','monitor',26),(27,'Biodex 27','Papyraceous fetus, unspecified as to episode of care or not applicable','Eayo','monitor',14),(28,'Keylex 28','Schizophrenic disorders, residual type, in remission','Wikibox','router',31),(29,'Sub-Ex 29','Acute myocardial infarction of other specified sites, initial episode of care','Eabox','printer',46),(30,'Trippledex 30','Familial Mediterranean fever','Skipstorm','monitor',36),(31,'Matsoft 31','Other and unspecified infection due to central venous catheter','Topiczoom','router',42),(32,'Holdlamis 32','Above elbow amputation status','Blogtag','router',4),(33,'Voyatouch 33','Unspecified abortion, complicated by metabolic disorder, unspecified','Dabfeed','computer',48),(34,'Keylex 34','Tuberculosis of hip, bacteriological or histological examination unknown (at present)','Janyx','computer',28),(35,'Sonsing 35','Unspecified vascular insufficiency of intestine','Bluejam','computer',33),(36,'Regrant 36','REM sleep behavior disorder','Edgeblab','router',38),(37,'Voltsillam 37','Coronary atherosclerosis of unspecified bypass graft','Fatz','monitor',50),(38,'Stim 38','Failed medical or unspecified induction of labor, delivered, with or without mention of antepartum condition','Riffpath','hdd',48),(39,'Subin 39','Shoulder (girdle) dystocia, antepartum condition or complication','Bubblemix','hdd',1),(40,'Bitwolf 40','Pilonidal cyst without mention of abscess','Dablist','hdd',22),(41,'Zamit 41','Other immunoproliferative neoplasms, without mention of having achieved remission','Livetube','printer',14),(42,'Viva 42','Other specified congenital anomalies of iris and ciliary body','Eimbee','computer',4),(43,'Redhold 43','Chronic post-thoracotomy pain','Zava','printer',42),(44,'Duobam 44','Antisocial personality disorder','Gigabox','monitor',17),(45,'Ventosanzap 45','Other specified person hit by rolling stock','Devshare','printer',44),(46,'Cookley 46','Drug-induced psychotic disorder with hallucinations','Zoozzy','router',19),(47,'Home Ing 47','Tuberculous abscess of spinal cord, tubercle bacilli found (in sputum) by microscopy','Skinder','printer',41),(48,'Cardguard 48','Preauricular sinus or fistula','Twitterbridge','router',30),(49,'Asoka 49','Sprain of unspecified site of back','Flashspan','router',12),(50,'Cardify 50','Open fractures involving skull or face with other bones, without mention of intracranial injury, with prolonged [more than 24 hours] loss of consciousness, without return to pre-existing conscious level','Reallinks','computer',47),(51,'Bitwolf 51','Other complications due to unspecified device, implant, and graft','Browsedrive','router',2),(52,'Pannier 52','Fitting and adjustment of orthopedic devices','Livetube','router',25),(53,'Bamity 53','Screening for galactosemia','Aimbu','monitor',23),(54,'Prodder 54','Infection with microorganisms resistant to macrolides','Buzzshare','computer',31),(55,'Flowdesk 55','Tuberculosis of bladder, unspecified','Brainsphere','monitor',40),(56,'Treeflex 56','Jaw pain','Brainverse','router',44),(57,'Wrapsafe 57','Acute peptic ulcer of unspecified site with perforation, without mention of obstruction','Shufflebeat','computer',27),(58,'Flowdesk 58','Other acute myocarditis','Jaxbean','monitor',7),(59,'Opela 59','Salmonella osteomyelitis','Youfeed','monitor',24),(60,'Zathin 60','Accidents occurring in public building','Muxo','hdd',27),(61,'Home Ing 61','Other enterovirus diseases of central nervous system','Skyvu','monitor',34),(62,'Konklux 62','Dermatophytosis of scalp and beard','Vimbo','monitor',34),(63,'Redhold 63','Leiomyoma of uterus, unspecified','Avavee','printer',41),(64,'Treeflex 64','Illegally induced abortion, complicated by renal failure, unspecified','Quamba','computer',33),(65,'Lotstring 65','Chorioretinal scar, unspecified','Flashpoint','router',26),(66,'Prodder 66','Outlet dysfunction constipation','Blognation','hdd',22),(67,'Bytecard 67','Open posterior occlusal relationship','Oloo','hdd',44),(68,'Daltfresh 68','Nontraffic accident involving motor-driven snow vehicle injuring passenger on motorcycle','Jamia','router',16),(69,'Job 69','Unspecified monoarthritis, upper arm','Flipbug','monitor',22),(70,'Prodder 70','Other specified crystal arthropathies, lower leg','Quire','printer',21),(71,'Gembucket 71','Fitting and adjustment of other gastrointestinal appliance and device','Trilith','computer',4),(72,'Redhold 72','Other transfusion reaction','Quatz','hdd',33),(73,'Cardguard 73','Malignant neoplasm of spermatic cord','Wikivu','printer',37),(74,'Opela 74','Other infections involving bone in diseases classified elsewhere, lower leg','Rhybox','hdd',39),(75,'Greenlam 75','Other urinary problems','Twitterbridge','hdd',23),(76,'Stronghold 76','Long-term (current) use of insulin','Voonte','hdd',34),(77,'Treeflex 77','Other and unspecified ovarian cyst','Vimbo','monitor',6),(78,'Zoolab 78','Malignant neoplasm of lower lip, vermilion border','JumpXS','hdd',3),(79,'Lotlux 79','Deep necrosis of underlying tissues [deep third degree] without mention of loss of a body part of scalp [any part]','Camimbo','router',25),(80,'Sonair 80','Closed fracture of mandible, ramus, unspecified','Skinder','monitor',19),(81,'Rank 81','Encounter for radiotherapy','Tagopia','computer',28),(82,'Veribet 82','Screening examination for poliomyelitis','Voolith','hdd',44),(83,'Tampflex 83','Spontaneous abortion, complicated by renal failure, complete','Abatz','monitor',8),(84,'Bytecard 84','Unspecified derangement of joint, site unspecified','Babbleblab','monitor',10),(85,'Cardguard 85','Closed dislocation of radiocarpal (joint)','Voolia','router',44),(86,'Domainer 86','Unspecified schizophrenia, subchronic','Yata','router',6),(87,'Treeflex 87','Other open skull fracture without mention of intracranial injury, with prolonged [more than 24 hours] loss of consciousness, without return to pre-existing conscious level','Latz','printer',21),(88,'Sub-Ex 88','Terrorism secondary effects','Zoombeat','computer',27),(89,'Cookley 89','General paresis','Wikido','computer',28),(90,'Andalax 90','Lens-induced iridocyclitis','Roomm','hdd',45),(91,'Tres-Zap 91','Perinatal jaundice due to hepatocellular damage','Innojam','router',7),(92,'Duobam 92','Absence of external ear','Yamia','router',28),(93,'Daltfresh 93','Mitral valve disorders','Wordtune','hdd',29),(94,'Namfix 94','Myasthenic syndromes in diseases classified elsewhere','Jabbercube','hdd',23),(95,'Keylex 95','Endometriosis, site unspecified','Photolist','printer',32),(96,'Stringtough 96','Chronic venous embolism and thrombosis of upper extremity, unspecified','Quimba','monitor',13),(97,'Konklab 97','Tobacco use disorder','Babbleblab','router',39),(98,'Mat Lam Tam 98','Malignant neoplasm of spinal meninges','Yakidoo','computer',47),(99,'Bigtax 99','Pseudopapilledema','Demizz','hdd',21),(100,'Lotstring 100','Tuberculous fibrosis of lung, tubercle bacilli not found (in sputum) by microscopy, but found by bacterial culture','Mynte','computer',40),(101,'Gembucket 101','Abdominal tenderness, epigastric','Blogtags','computer',38),(102,'Tampflex 102','Varicose veins of vulva and perineum complicating pregnancy and the puerperium, delivered, with or without mention of antepartum condition','Eamia','hdd',27),(103,'Sub-Ex 103','Conjunctival cysts','Skynoodle','router',16),(104,'Konklab 104','Injury to abducens nerve','Cogilith','printer',50),(105,'Zaam-Dox 105','Adenovirus infection in conditions classified elsewhere and of unspecified site','Devpoint','monitor',45),(106,'Tres-Zap 106','Abrasion or friction burn of other, multiple, and unspecified sites, without mention of infection','Feedfish','monitor',43),(107,'Alpha 107','Open dislocation of metacarpal (bone), proximal end','Pixope','router',42),(108,'Tres-Zap 108','Motor vehicle traffic accident involving collision with train injuring motorcyclist','Jabberbean','printer',23),(109,'Zathin 109','Gonococcal seminal vesiculitis, chronic','Zooxo','router',10),(110,'Bigtax 110','Madura foot','Buzzbean','hdd',34),(111,'Andalax 111','Fitting and adjustment of orthodontic devices','Skiba','printer',42),(112,'Opela 112','Unspecified effect of reduced temperature','Tazzy','hdd',34),(113,'Gembucket 113','Toxic effect of hydrocyanic acid and cyanides','Mudo','hdd',38),(114,'Bamity 114','Injury to stomach, with open wound into cavity','Jayo','hdd',16),(115,'Aerified 115','Other ehrlichiosis','Dabshots','printer',38),(116,'Bigtax 116','Diphtheria vaccine causing adverse effects in therapeutic use','Meejo','monitor',9),(117,'Alphazap 117','Personal history of other (corrected) congenital malformations','Brightdog','hdd',43),(118,'Veribet 118','Lesion of ulnar nerve','Katz','router',28),(119,'Viva 119','Long-term (current) use of antiplatelet/antithrombotic','Mymm','computer',49),(120,'Matsoft 120','Adhesive capsulitis of shoulder','Fivechat','hdd',9),(121,'Home Ing 121','Accident to powered aircraft at takeoff or landing injuring occupant of spacecraft','Centizu','printer',27),(122,'Tempsoft 122','Brucella canis','Babblestorm','router',15),(123,'Bamity 123','Closed fracture of astragalus','Skibox','hdd',4),(124,'Tempsoft 124','Maternal nutritional disorders affecting fetus or newborn','Bubblebox','printer',20),(125,'Temp 125','Unspecified anomaly of digestive system','Kazio','hdd',47),(126,'Latlux 126','Other specified viral exanthemata','Babbleblab','hdd',49),(127,'Mat Lam Tam 127','Unspecified injury of lung without mention of open wound into thorax','Jetpulse','monitor',25),(128,'Bigtax 128','Injury to liver without mention of open wound into cavity, unspecified injury','Kwinu','router',38),(129,'Solarbreeze 129','Other ear problems','Centimia','router',27),(130,'Transcof 130','Psychic factors associated with diseases classified elsewhere','Skynoodle','hdd',48),(131,'Rank 131','Intestinal infection due to staphylococcus','Tekfly','computer',50),(132,'Bitchip 132','Trigger finger (acquired)','Rhycero','computer',50),(133,'Tempsoft 133','Anemia of other chronic disease','Feedfire','router',41),(134,'Vagram 134','Thyroid dysfunction of mother, delivered, with or without mention of antepartum condition','Mycat','printer',38),(135,'Flexidy 135','Tobacco use disorder complicating pregnancy, childbirth, or the puerperium, antepartum condition or complication','Zoombeat','computer',18),(136,'Cardify 136','Schistosomiasis due to schistosoma haematobium','Skaboo','computer',46),(137,'Tempsoft 137','Injury to kidney with open wound into cavity, hematoma without rupture of capsule','Vimbo','monitor',28),(138,'Cookley 138','Reaction to spinal or lumbar puncture','Mydo','printer',16),(139,'Domainer 139','Chronic pulmonary coccidioidomycosis','Mudo','printer',20),(140,'Konklux 140','Percutaneous transluminal coronary angioplasty status','Roomm','computer',9),(141,'Matsoft 141','Manic affective disorder, recurrent episode, mild','Cogilith','printer',30),(142,'Duobam 142','Insect bite, nonvenomous, of hand(s) except finger(s) alone, infected','Mybuzz','monitor',15),(143,'Subin 143','Malignant neoplasm of pancreas, part unspecified','Npath','monitor',12),(144,'Latlux 144','Need for prophylactic vaccination and inoculation against common cold','Gigabox','router',26),(145,'Alphazap 145','Predominant disturbance of emotions','Wordify','printer',24),(146,'Namfix 146','Mantle cell lymphoma, lymph nodes of head, face, and neck','Skalith','computer',48),(147,'Namfix 147','Adult failure to thrive','Jaxnation','printer',26),(148,'Keylex 148','Congenital adhesions of tongue','Shuffletag','monitor',25),(149,'Cardify 149','Scorpion sting causing poisoning and toxic reactions','Yadel','router',8),(150,'Quo Lux 150','Flat retinoschisis','Bubbletube','hdd',2),(151,'Rank 151','Benign essential hypertension complicating pregnancy, childbirth, and the puerperium, postpartum condition or complication','Flashdog','computer',37),(152,'Aerified 152','Hypocalcemia','Ooba','printer',25),(153,'Zontrax 153','Closed fracture of unspecified part of neck of femur','Meevee','router',36),(154,'Zoolab 154','Activities involving hand held interactive electronic device','Vitz','router',43),(155,'Duobam 155','Intestinal infection due to proteus (mirabilis) (morganii)','Skyble','router',36),(156,'Cookley 156','Intracranial injury of other and unspecified nature without mention of open intracranial wound, with no loss of consciousness','Kamba','monitor',7),(157,'Regrant 157','Other alcohol-induced mental disorders','Shuffledrive','computer',15),(158,'Span 158','Genital tract-skin fistula, female','Flashdog','router',50),(159,'Span 159','Dementia in conditions classified elsewhere without behavioral disturbance','Fivechat','printer',48),(160,'Tresom 160','Syphilitic acoustic neuritis','Photobean','router',7),(161,'Home Ing 161','Other specified megaloblastic anemias not elsewhere classified','Topicshots','router',7),(162,'Stim 162','Subdural hemorrhage following injury with open intracranial wound, with moderate [1-24 hours] loss of consciousness','Trudoo','computer',44),(163,'Flexidy 163','Injury to anterior tibial artery','Mudo','router',15),(164,'Trippledex 164','Cavovarus deformity of foot, acquired','Feednation','hdd',47),(165,'Subin 165','Malignant hypertensive heart disease without heart failure','Vimbo','computer',40),(166,'Stronghold 166','Occlusion and stenosis of multiple and bilateral precerebral arteries with cerebral infarction','Innojam','hdd',13),(167,'Voltsillam 167','Right bundle branch block and left anterior fascicular block','Minyx','router',33),(168,'Y-find 168','Other restorative surgery causing abnormal patient reaction, or later complication, without mention of misadventure at time of operation','Realbridge','hdd',41),(169,'Konklab 169','Seminal vesiculitis','Eayo','printer',50),(170,'Konklab 170','Bipolar I disorder, most recent episode (or current) mixed, in partial or unspecified remission','Edgepulse','hdd',9),(171,'Voltsillam 171','Juvenile osteochondrosis of hip and pelvis','Skynoodle','router',13),(172,'Otcom 172','Open fractures involving skull or face with other bones, with intracranial injury of other and unspecified nature, with moderate [1-24 hours] loss of consciousness','Yodo','printer',9),(173,'Ventosanzap 173','Open wound of vulva, without mention of complication','Wikido','printer',19),(174,'Asoka 174','Acute chemical conjunctivitis','Skinder','hdd',8),(175,'Konklab 175','Medulloadrenal hyperfunction','Jabbersphere','computer',33),(176,'Stringtough 176','Activities involving drum and other percussion instrument playing','Browsetype','printer',35),(177,'Latlux 177','Malignant carcinoid tumor of hindgut, not otherwise specified','Oyoloo','hdd',38),(178,'Sonsing 178','Congenital syphilitic meningitis','Yabox','computer',10),(179,'Otcom 179','Mixed receptive-expressive language disorder','Gabspot','hdd',17),(180,'Ronstring 180','Mild or unspecified pre-eclampsia, antepartum condition or complication','Janyx','computer',19),(181,'Ronstring 181','Idiopathic interstitial pneumonia, not otherwise specified','Zazio','hdd',40),(182,'Tres-Zap 182','Supernumerary teeth','Twitterwire','computer',17),(183,'Bigtax 183','Poisoning by other specified gases and vapors, undetermined whether accidentally or purposely inflicted','Skynoodle','monitor',30),(184,'Flexidy 184','Postoperative shock, septic','Realmix','monitor',34),(185,'Bitchip 185','Accident to watercraft causing other injury to occupant of other watercraft -- crew','Bubblebox','monitor',35),(186,'Bamity 186','Conductive hearing loss of combined types','Trupe','printer',12),(187,'Treeflex 187','Hyposmolality and/or hyponatremia','Jabbersphere','router',27),(188,'Y-Solowarm 188','Screening examination for leishmaniasis','Fivechat','router',27),(189,'Fix San 189','Cannabis abuse, in remission','Yata','monitor',17),(190,'Solarbreeze 190','Other abnormal glucose','Youbridge','printer',23),(191,'Regrant 191','Antifungal antibiotics causing adverse effects in therapeutic use','Katz','computer',11),(192,'Bitwolf 192','Tuberculosis of other urinary organs, tubercle bacilli not found by bacteriological examination, but tuberculosis confirmed histologically','Brainsphere','computer',14),(193,'Regrant 193','Streptococcal sore throat','Gigazoom','printer',5),(194,'Matsoft 194','Other general counseling and advice on contraceptive management','Kanoodle','router',46),(195,'Daltfresh 195','Myopathy, unspecified','Wikizz','router',22),(196,'Kanlam 196','Ulceration of vulva in diseases classified elsewhere','Jayo','hdd',37),(197,'Alphazap 197','Aftercare for healing traumatic fracture of arm, unspecified','Wordware','computer',30),(198,'Konklux 198','Foreign body accidentally entering other orifice','Yakitri','hdd',20),(199,'Tin 199','Other complicated headache syndrome','Meejo','computer',6),(200,'Job 200','Tuberculosis of mastoid, tubercle bacilli not found by bacteriological or histological examination, but tuberculosis confirmed by other methods [inoculation of animals]','Avamm','hdd',21),(201,'Keylex 201','Adult pulmonary Langerhans cell histiocytosis','Oba','printer',45),(202,'Temp 202','Thyrotoxic exophthalmos','Demimbu','computer',13),(203,'Alpha 203','Other specified alveolar anomaly','Skinix','router',9),(204,'Bitwolf 204','Unspecified anomaly of upper limb','Flipstorm','computer',42),(205,'Daltfresh 205','Parasitic conjunctivitis','Youfeed','monitor',43),(206,'Veribet 206','Burn [any degree] involving 40-49 percent of body surface with third degree burn, 10-19%','Browsezoom','computer',32),(207,'Zontrax 207','Other nonspecific abnormal finding of lung field','Feednation','computer',5),(208,'Fintone 208','Other and unspecified intracranial hemorrhage following injury with open intracranial wound, with prolonged [more than 24 hours] loss of consciousness without return to pre-existing conscious level','Myworks','printer',30),(209,'Namfix 209','Neonatal Candida infection','Jetpulse','router',12),(210,'Tresom 210','Other closed skull fracture with other and unspecified intracranial hemorrhage, with concussion, unspecified','Quatz','monitor',9),(211,'Tampflex 211','Viral hepatitis A without mention of hepatic coma','Myworks','router',2),(212,'Bamity 212','Other joint replacement','Quatz','computer',27),(213,'Cardguard 213','Other specified malposition or malpresentation, unspecified as to episode of care or not applicable','Edgewire','hdd',19),(214,'Zamit 214','Benign hypertensive heart disease with heart failure','Yotz','router',4),(215,'Domainer 215','Penicillins causing adverse effects in therapeutic use','Riffpath','router',20),(216,'Konklab 216','Burn [any degree] involving 70-79 percent of body surface with third degree burn, 70-79%','Aivee','monitor',11),(217,'Andalax 217','Specific bursitides often of occupational origin','Skyndu','computer',35),(218,'Flowdesk 218','Posterior dislocation of tibia, proximal end, open','Browsetype','router',12),(219,'Ventosanzap 219','Cortex (cerebral) laceration without mention of open intracranial wound, with prolonged [more than 24 hours] loss of consciousness and return to pre-existing conscious level','Centimia','printer',12),(220,'Tampflex 220','Von Willebrand\'s disease','Digitube','monitor',38),(221,'Zontrax 221','Delirium due to conditions classified elsewhere','Skaboo','printer',14),(222,'Konklux 222','Open wound of upper arm, complicated','Tazzy','monitor',5),(223,'Cardguard 223','Other developmental speech or language disorder','Thoughtmix','computer',29),(224,'Voyatouch 224','Motor vehicle traffic accident involving collision with pedestrian injuring motorcyclist','Youbridge','router',28),(225,'Stronghold 225','Cat-scratch disease','Ainyx','computer',33),(226,'Otcom 226','Motor vehicle traffic accident involving collision with pedestrian injuring occupant of streetcar','Shufflebeat','monitor',25),(227,'Vagram 227','Other and unspecified abnormality of organs and soft tissues of pelvis, postpartum condition or complication','Omba','computer',6),(228,'Subin 228','Accidental poisoning by other specified solvents, not elsewhere classified','Aivee','computer',41),(229,'Keylex 229','Rubella without mention of complication','Zoomzone','printer',37),(230,'Opela 230','Carrier or suspected carrier of amebiasis','Katz','hdd',1),(231,'Toughjoyfax 231','Other urinary incontinence','Voomm','printer',49),(232,'Pannier 232','Senile atrophy of choroid','Dynabox','computer',50),(233,'It 233','Congenital pes planus','Meetz','computer',26),(234,'Zontrax 234','Observation and evaluation for suspected exposure to anthrax','Centidel','printer',16),(235,'Fix San 235','Sezary\'s disease, intrapelvic lymph nodes','Lazzy','printer',21),(236,'Tempsoft 236','Tuberculous laryngitis, bacteriological or histological examination not done','Twitterlist','printer',42),(237,'Voyatouch 237','Cyst of prostate','Jaxnation','computer',26),(238,'Stim 238','Other specified arthropathy, shoulder region','Tanoodle','monitor',32),(239,'Job 239','Toxic effect of carbon disulfide','Tagtune','computer',39),(240,'Zamit 240','Anaphylactic reaction due to administration of blood and blood products','Zava','hdd',40),(241,'Cardguard 241','Diabetes with unspecified complication, type I [juvenile type], uncontrolled','Einti','printer',33),(242,'Alphazap 242','Acute poliomyelitis, unspecified, poliovirus type II','Skajo','hdd',21),(243,'Temp 243','Renal colic','Bubblebox','router',24),(244,'Zaam-Dox 244','Varicose veins of legs complicating pregnancy and the puerperium, antepartum condition or complication','Oyonder','monitor',28),(245,'Gembucket 245','Insect bite, nonvenomous, of hip, thigh, leg, and ankle, without mention of infection','Cogidoo','monitor',24),(246,'Alpha 246','Quadruplet gestation, unspecified number of placenta and unspecified number of amniotic sacs','Rhynyx','monitor',22),(247,'Keylex 247','Chronic cholecystitis','Photobug','printer',23),(248,'Quo Lux 248','Late effect of sprain and strain without mention of tendon injury','Npath','router',16),(249,'Voyatouch 249','Acute myocardial infarction of other specified sites, subsequent episode of care','Shuffledrive','monitor',15),(250,'Tempsoft 250','Gangrene','Devbug','router',40),(251,'Matsoft 251','Unspecified problem associated with amniotic cavity and membranes, delivered, with or without mention of antepartum condition','Fivebridge','router',37),(252,'Sonsing 252','Postphlebetic syndrome with inflammation','Browsezoom','hdd',21),(253,'Latlux 253','Alcoholic gastritis, with hemorrhage','Eabox','computer',10),(254,'Viva 254','Congenital monoplegia','Skaboo','hdd',30),(255,'Konklab 255','Schizophrenic disorders, residual type, chronic','Trunyx','computer',18),(256,'Andalax 256','Rheumatic diseases of pulmonary valve','Tanoodle','router',16),(257,'Tresom 257','Unspecified vomiting of pregnancy, delivered, with or without mention of antepartum condition','Skimia','router',35),(258,'Viva 258','Open dislocation of metatarsal (bone), joint unspecified','Leexo','printer',46),(259,'Y-find 259','Poisoning by expectorants','Mymm','router',47),(260,'Vagram 260','Lateral dislocation of tibia, proximal end, closed','Mybuzz','computer',50),(261,'Domainer 261','Benign neoplasm of ear and external auditory canal','Thoughtbeat','router',22),(262,'Temp 262','Retained magnetic metal fragments','Browseblab','printer',29),(263,'Matsoft 263','Open fracture of upper end of fibula with tibia','Vinder','computer',10),(264,'Domainer 264','Rupture of uterus before onset of labor, antepartum condition or complication','Ooba','hdd',32),(265,'Zamit 265','Other acne','Abatz','computer',30),(266,'Cardify 266','Ventricular septal defect','Flipstorm','computer',19),(267,'Viva 267','Screening for ischemic heart disease','Brainbox','computer',3),(268,'Tresom 268','Personal history of venous thrombosis and embolism','Innojam','computer',10),(269,'Flexidy 269','Counseling for marital and partner problems, unspecified','Flipstorm','printer',41),(270,'Alpha 270','Late effects of cerebrovascular disease, monoplegia of upper limb affecting unspecified side','Pixonyx','computer',33),(271,'Rank 271','Closed fracture of mandible, angle of jaw','Meezzy','computer',8),(272,'Voltsillam 272','Personal history of myeloid leukemia','Kare','computer',11),(273,'Kanlam 273','Pre-operative cardiovascular examination','Gigabox','printer',31),(274,'Cookley 274','Unspecified maternal condition affecting fetus or newborn','Avaveo','monitor',33),(275,'Namfix 275','Unspecified activity','Oba','router',16),(276,'Veribet 276','Full-thickness skin loss [third degree, not otherwise specified] of thumb (nail)','Eayo','router',17),(277,'Latlux 277','Senile nuclear sclerosis','Tavu','monitor',18),(278,'Alphazap 278','Failed forceps or vacuum extractor, unspecified, unspecified as to episode of care or not applicable','Trupe','monitor',28),(279,'Ronstring 279','Dislocation of knee, unspecified, closed','Yombu','router',16),(280,'Toughjoyfax 280','Aneurysmal bone cyst','Eimbee','router',10),(281,'Cardify 281','Neoplasm of uncertain behavior of breast','Meevee','monitor',5),(282,'Bigtax 282','Unspecified maternal complication of pregnancy affecting fetus or newborn','Wordify','router',12),(283,'Tin 283','Other anomalies of great veins','Twimbo','hdd',18),(284,'Konklab 284','Infection with microorganisms resistant to aminoglycosides','Tekfly','computer',22),(285,'Redhold 285','Nontraumatic rupture of quadriceps tendon','Innojam','monitor',36),(286,'Vagram 286','Poisoning by monoamine oxidase inhibitors','Mynte','printer',18),(287,'Stim 287','Tuberculosis of mastoid, tubercle bacilli not found by bacteriological examination, but tuberculosis confirmed histologically','Innotype','hdd',35),(288,'Fix San 288','Traumatic amputation of leg(s) (complete) (partial), unilateral, level not specified, without mention of complication','Topiclounge','monitor',38),(289,'Latlux 289','Other and unspecified intracranial hemorrhage following injury without mention of open intracranial wound, with no loss of consciousness','Meetz','printer',42),(290,'Gembucket 290','Blepharophimosis','Wikizz','computer',34),(291,'Flexidy 291','Quadruplet pregnancy with fetal loss and retention of one or more fetus(es), antepartum condition or complication','Babbleset','printer',28),(292,'Greenlam 292','Full-thickness skin loss [third degree,not otherwise specified] of breast','Izio','hdd',10),(293,'Gembucket 293','Other specified failure in dosage','Tavu','printer',44),(294,'Tampflex 294','Failed attempted abortion complicated by damage to pelvic organs or tissues','Flipopia','hdd',4),(295,'Redhold 295','Prolonged second stage of labor, delivered, with or without mention of antepartum condition','Divape','computer',23),(296,'Fix San 296','Open fracture of mandible, alveolar border of body','Bubbletube','hdd',43),(297,'Zamit 297','Diabetes mellitus without mention of complication, type I [juvenile type], not stated as uncontrolled','Twitternation','computer',31),(298,'Fix San 298','Common variable immunodeficiency','Jabberbean','hdd',30),(299,'Zamit 299','Closed fracture of carpal bone, unspecified','Thoughtstorm','monitor',2),(300,'Opela 300','Internal injury to unspecified or ill-defined organs with open wound into cavity','Kimia','printer',20),(301,'Bytecard 301','Epilepsy, unspecified, without mention of intractable epilepsy','Topicstorm','monitor',37),(302,'Alpha 302','Organic insomnia, unspecified','Quaxo','hdd',37),(303,'Zoolab 303','Hyperplasia of prostate, unspecified, without urinary obstruction and other lower urinary symptoms (LUTS)','Tagtune','computer',8),(304,'Stim 304','Velo-cardio-facial syndrome','Rhybox','hdd',44),(305,'Matsoft 305','Chronic dacryoadenitis','Nlounge','printer',34),(306,'Zathin 306','Other sleep disturbances','Wordtune','router',44),(307,'Span 307','Failed forceps or vacuum extractor, unspecified, delivered, with or without mention of antepartum condition','Riffwire','computer',3),(308,'Mat Lam Tam 308','Major anomalies of jaw size, macrogenia','Blognation','hdd',3),(309,'Zaam-Dox 309','Unspecified hypertensive heart disease without heart failure','Dynazzy','router',21),(310,'Flexidy 310','Pathologic fracture of other specified site','Centizu','router',25),(311,'Fix San 311','Tuberculous peritonitis, tubercle bacilli not found by bacteriological examination, but tuberculosis confirmed histologically','Skajo','hdd',18),(312,'Wrapsafe 312','Secondary diabetes mellitus with ophthalmic manifestations, not stated as uncontrolled, or unspecified','Tazzy','monitor',16),(313,'Konklab 313','Unspecified derangement of joint, upper arm','Livetube','monitor',29),(314,'Toughjoyfax 314','Closed fracture of ischium','Zoomzone','hdd',17),(315,'Voltsillam 315','Injury to bronchus without mention of open wound into cavity','Meedoo','printer',19),(316,'Cookley 316','Other finger(s) amputation status','Dabshots','printer',47),(317,'Span 317','Hodgkin\'s disease, mixed cellularity, lymph nodes of multiple sites','Topdrive','printer',14),(318,'Fintone 318','Other specified miliary tuberculosis, tubercle bacilli found (in sputum) by microscopy','Yoveo','router',1),(319,'Sonsing 319','Need for prophylactic immunotherapy','Photojam','hdd',41),(320,'Rank 320','Cortex (cerebral) contusion without mention of open intracranial wound, with prolonged [more than 24 hours] loss of consciousness without return to pre-existing conscious level','Gigazoom','computer',50),(321,'Tampflex 321','Concussion with prolonged loss of consciousness and return to pre-existing conscious level','Yozio','printer',13),(322,'Tres-Zap 322','Unspecified indication for care or intervention related to labor and delivery, antepartum condition or complication','Livetube','computer',14),(323,'Daltfresh 323','Diseases of tricuspid valve','Demizz','router',36),(324,'Ventosanzap 324','Papilledema associated with decreased ocular pressure','Demivee','router',2),(325,'Daltfresh 325','Chronic peptic ulcer of unspecified site without mention of hemorrhage or perforation, without mention of obstruction','Blogpad','computer',5),(326,'Bytecard 326','Malignant neoplasm of lower limb','Flashset','hdd',41),(327,'Matsoft 327','Mechanical failure of instrument or apparatus during surgical operation','Tekfly','router',18),(328,'Zaam-Dox 328','Amphetamine or related acting sympathomimetic abuse, in remission','Ooba','hdd',22),(329,'Rank 329','Occlusion and stenosis of multiple and bilateral precerebral arteries without mention of cerebral infarction','Bluezoom','printer',32),(330,'Redhold 330','Cardiac dysrhythmia, unspecified','Jayo','printer',24),(331,'Tres-Zap 331','Tuberculosis of esophagus, bacteriological or histological examination not done','Aivee','monitor',35),(332,'Home Ing 332','Parathyroid and parathyroid derivatives causing adverse effects in therapeutic use','Thoughtmix','computer',47),(333,'Sonsing 333','Other tracheostomy complications','Browsebug','printer',22),(334,'Duobam 334','Peripheral neuritis in pregnancy, unspecified as to episode of care or not applicable','Divavu','computer',47),(335,'Keylex 335','Personal history of unspecified urinary disorder','Twitterlist','printer',18),(336,'Solarbreeze 336','Tear film insufficiency, unspecified','Linktype','hdd',11),(337,'Trippledex 337','Brain death','Voomm','router',39),(338,'Zoolab 338','Thoracic root lesions, not elsewhere classified','Mydo','monitor',10),(339,'Bitchip 339','Migraine with aura, with intractable migraine, so stated, without mention of status migrainosus','Skidoo','computer',44),(340,'Sonsing 340','Other abnormal glucose','Wordtune','monitor',22),(341,'Konklux 341','Poisoning by parasympathomimetics (cholinergics)','Layo','printer',49),(342,'Toughjoyfax 342','Other motor vehicle nontraffic accident involving collision with moving object injuring unspecified person','Feedspan','hdd',28),(343,'Tresom 343','Unspecified mastoiditis','Browseblab','router',11),(344,'Andalax 344','Dissociative identity disorder','Twitterlist','hdd',33),(345,'Alpha 345','Hodgkin\'s disease, nodular sclerosis, unspecified site, extranodal and solid organ sites','Voomm','printer',7),(346,'Holdlamis 346','Other activity involving water and watercraft','Kaymbo','monitor',4),(347,'Wrapsafe 347','Malignant neoplasm of cerebral meninges','Livetube','router',42),(348,'Konklab 348','Opioid abuse, unspecified','Myworks','printer',35),(349,'Konklux 349','Other specified viral warts','Fivechat','hdd',4),(350,'Trippledex 350','Mittelschmerz','LiveZ','printer',13),(351,'Treeflex 351','Diabetes with ophthalmic manifestations, type II or unspecified type, not stated as uncontrolled','Eare','hdd',43),(352,'Duobam 352','Obstruction of bile duct','Kamba','computer',26),(353,'Gembucket 353','Unspecified disorder of amino-acid metabolism','Centimia','computer',45),(354,'Zoolab 354','Unspecified crystal arthropathy, other specified sites','Wordify','router',3),(355,'Rank 355','Late effects of tuberculosis of other specified organs','Kanoodle','hdd',33),(356,'Otcom 356','Closed fracture of upper end of fibula alone','Brainlounge','hdd',8),(357,'Voyatouch 357','Tuberculous fibrosis of lung, tubercle bacilli not found by bacteriological or histological examination, but tuberculosis confirmed by other methods [inoculation of animals]','Jaxnation','printer',22),(358,'Treeflex 358','Tracheoesophageal fistula','Jabbersphere','monitor',50),(359,'Konklux 359','Pressure ulcer, upper back','Jabbertype','hdd',23),(360,'Sub-Ex 360','Unspecified disease of respiratory system','Babblestorm','monitor',43),(361,'Transcof 361','Femoral hernia with obstruction, unilateral or unspecified, recurrent','Dazzlesphere','monitor',42),(362,'Voyatouch 362','Seborrheic dermatitis, unspecified','Dabshots','monitor',30),(363,'Tempsoft 363','Counseling for parent (guardian)-foster child problem','Jamia','computer',25),(364,'Ronstring 364','Transient arthropathy, pelvic region and thigh','Brainlounge','computer',42),(365,'Biodex 365','Intramural leiomyoma of uterus','Gigashots','computer',43),(366,'Voltsillam 366','Merkel cell carcinoma of the upper limb','Kamba','router',17),(367,'Matsoft 367','Dentofacial functional abnormality, unspecified','Thoughtmix','router',23),(368,'Ronstring 368','Other and unspecified superficial injury of trunk, infected','Youspan','hdd',19),(369,'Trippledex 369','Unspecified hearing loss','Browsebug','printer',26),(370,'Fintone 370','Anterior subcapsular polar cataract','Linktype','hdd',8),(371,'Tres-Zap 371','Tuberculosis of other urinary organs, tubercle bacilli not found by bacteriological or histological examination, but tuberculosis confirmed by other methods [inoculation of animals]','Photobug','hdd',28),(372,'Wrapsafe 372','Minimal atrophy of the mandible','Quire','hdd',33),(373,'Domainer 373','Late symptomatic syphilis, unspecified','Twitterbeat','router',26),(374,'Greenlam 374','Other motor vehicle nontraffic accident involving collision with stationary object injuring other specified person','Pixonyx','router',5),(375,'Y-Solowarm 375','Unspecified defect of septal closure','Wikizz','printer',25),(376,'Zoolab 376','Noise effects on inner ear, unspecified','Oloo','router',37),(377,'Tres-Zap 377','Retained foreign body of eyelid','Yata','hdd',9),(378,'Stringtough 378','Marginal zone lymphoma, intrathoracic lymph nodes','Quamba','router',20),(379,'Konklux 379','Postoperative heterotopic calcification','Flashdog','monitor',27),(380,'Ventosanzap 380','Abnormal glandular Papanicolaou smear of anus','Cogibox','monitor',28),(381,'Treeflex 381','Accidental poisoning by antirheumatics (antiphlogistics)','Fivespan','computer',48),(382,'Vagram 382','Late effects of cerebrovascular disease, monoplegia of upper limb affecting unspecified side','Avamm','router',28),(383,'Bitchip 383','Ulcer of esophagus without bleeding','Yadel','router',25),(384,'Otcom 384','Primary central nervous system lymphoma, spleen','Wikibox','router',5),(385,'Bamity 385','Other erythematosquamous dermatosis','Youbridge','monitor',46),(386,'Hatity 386','Unspecified infective arthritis, shoulder region','Youbridge','monitor',47),(387,'Solarbreeze 387','Activities involving gardening and landscaping','Skimia','monitor',35),(388,'Prodder 388','Unspecified cardiac device in situ','Podcat','hdd',25),(389,'Gembucket 389','Deep seated dermatophytosis','Pixonyx','computer',37),(390,'Zaam-Dox 390','Fetal distress first noted during labor and delivery, in liveborn infant','Zoomdog','router',15),(391,'Otcom 391','Malignant hypertensive heart disease without heart failure','Reallinks','hdd',32),(392,'Stronghold 392','Deep necrosis of underlying tissues [deep third degree] without mention of loss of a body part, thumb (nail)','Realbridge','printer',32),(393,'Toughjoyfax 393','Upper limb vessel anomaly','Plambee','printer',31),(394,'Bytecard 394','Rhinovirus infection in conditions classified elsewhere and of unspecified site','Fivespan','monitor',10),(395,'Viva 395','Burning caused by conflagration in other and unspecified building or structure','Voonix','computer',37),(396,'Biodex 396','Triplet pregnancy, antepartum condition or complication','Skippad','computer',8),(397,'Alpha 397','Other specified fetal and placental problems, affecting management of mother, antepartum condition or complication','Realcube','hdd',37),(398,'Zoolab 398','Primary tuberculous infection, unspecified','Jaxnation','router',18),(399,'Treeflex 399','Arthropathy associated with other infectious and parasitic diseases, upper arm','Kwideo','monitor',27),(400,'Zathin 400','Arthropathy associated with other infectious and parasitic diseases, lower leg','Trunyx','hdd',40),(401,'Voltsillam 401','Retropharyngeal abscess','Tazzy','monitor',40),(402,'Lotlux 402','Closed fracture of unspecified vertebral column without mention of spinal cord injury','Shufflester','computer',9),(403,'Bigtax 403','Activity involving exercise machines primarily for cardiorespiratory conditioning','Edgeblab','computer',47),(404,'Toughjoyfax 404','Closed Monteggia\'s fracture','Reallinks','computer',11),(405,'Solarbreeze 405','Maternal distress complicating labor and delivery, antepartum condition or complication','Buzzdog','printer',20),(406,'Stringtough 406','Ornithosis with pneumonia','Realcube','monitor',1),(407,'Mat Lam Tam 407','Primary carnitine deficiency','Avamba','computer',48),(408,'Bitwolf 408','Retinopathy of prematurity, stage 2','Zoonoodle','router',17),(409,'Zaam-Dox 409','Syphilitic chorioretinitis (secondary)','Skinte','monitor',33),(410,'Keylex 410','Acute bronchitis','Tazzy','computer',4),(411,'Sonsing 411','Delayed delivery of second twin, triplet, etc., antepartum condition or complication','Realfire','monitor',12),(412,'Aerified 412','Rubella in the mother, postpartum condition or complication','Edgewire','monitor',27),(413,'Bytecard 413','Counseling on substance use and abuse','Rooxo','printer',37),(414,'Solarbreeze 414','Subarachnoid hemorrhage following injury without mention of open intracranial wound, with concussion, unspecified','Quamba','hdd',2),(415,'Sub-Ex 415','Bipolar I disorder, single manic episode, unspecified','Realbridge','printer',30),(416,'Sub-Ex 416','Closed fractures involving skull or face with other bones with subarachnoid, subdural, and extradural hemorrhage, with moderate [1-24 hours] loss of consciousness','Riffpath','monitor',24),(417,'Quo Lux 417','Other general medical examination for administrative purposes','Jamia','router',49),(418,'Opela 418','Abnormality of gait','Wikido','monitor',24),(419,'Latlux 419','Other specified disorders of liver','Meedoo','printer',50),(420,'Sonair 420','Other specified arthropathy, lower leg','Tagfeed','router',21),(421,'Treeflex 421','Open wound of multiple sites of nose, without mention of complication','Youopia','printer',38),(422,'Rank 422','Injury to descending [left] colon, without mention of open wound into cavity','Meetz','monitor',33),(423,'Hatity 423','Perinatal jaundice from other causes','Realbuzz','computer',20),(424,'Zontrax 424','Allergic rhinitis, cause unspecified','Blogspan','computer',12),(425,'Vagram 425','Tobacco use disorder complicating pregnancy, childbirth, or the puerperium, delivered, with or without mention of antepartum condition','Trilia','router',43),(426,'Fixflex 426','Suicide and self-inflicted injury by cutting and piercing instrument','Skipfire','hdd',6),(427,'Tres-Zap 427','Late effects of intracranial abscess or pyogenic infection','Fivespan','printer',25),(428,'Lotstring 428','Unspecified prolonged labor, unspecified as to episode of care or not applicable','Browsetype','router',17),(429,'Zontrax 429','Closed fracture of unspecified part of radius (alone)','Trunyx','monitor',38),(430,'Kanlam 430','Deep necrosis of underlying tissues [deep third degree] without mention of loss of a body part, two or more digits of hand, not including thumb','Jabberstorm','monitor',48),(431,'Sonair 431','Cerebellar or brain stem laceration with open intracranial wound, with loss of consciousness of unspecified duration','Oba','computer',28),(432,'Tresom 432','Other and unspecified cerebral laceration and contusion, with open intracranial wound, with no loss of consciousness','Thoughtsphere','hdd',4),(433,'Wrapsafe 433','Pemphigus','Oozz','printer',41),(434,'Voyatouch 434','Malignant neoplasm of hepatic flexure','Jabbersphere','monitor',38),(435,'Span 435','Transient hypertension of pregnancy, delivered , with or without mention of antepartum condition','Rhynyx','monitor',7),(436,'Cardguard 436','Other injury to colon or rectum, without mention of open wound into cavity','Abata','printer',49),(437,'Konklux 437','Internuclear ophthalmoplegia','Browsezoom','printer',11),(438,'Ronstring 438','Spasmodic torticollis','Quimm','monitor',43),(439,'Bytecard 439','Cough variant asthma','Katz','hdd',20),(440,'Sonair 440','Lesion of plantar nerve','Kwilith','printer',41),(441,'Toughjoyfax 441','Egg (oocyte) (ovum) donor, unspecified','Jabbertype','router',22),(442,'Stronghold 442','Malignant neoplasm of connective and other soft tissue of pelvis','Yabox','router',45),(443,'Opela 443','Open fracture of surgical neck of humerus','Katz','printer',11),(444,'Zamit 444','Extradural hemorrhage following injury without mention of open intracranial wound, with moderate [1-24 hours] loss of consciousness','Livepath','router',27),(445,'Flexidy 445','Villonodular synovitis, lower leg','Edgepulse','computer',31),(446,'Gembucket 446','Benign neoplasm of pelvic bones, sacrum, and coccyx','Realcube','computer',22),(447,'Prodder 447','Peripheral neuritis in pregnancy, delivered, with or without mention of antepartum condition','Voomm','printer',8),(448,'Treeflex 448','Mixed development disorder','Livepath','router',7),(449,'Bigtax 449','Venous tributary (branch) occlusion','Zoombeat','router',25),(450,'Biodex 450','Unspecified suppurative otitis media','Tekfly','monitor',9),(451,'Cardguard 451','Femoral hernia with obstruction, bilateral, recurrent','Wordware','computer',35),(452,'Duobam 452','Psychophysical visual disturbances','Dynava','router',4),(453,'Lotlux 453','Benign neoplasm of floor of mouth','Vinder','monitor',45),(454,'Regrant 454','Mitral valve insufficiency and aortic valve stenosis','Skilith','router',47),(455,'Y-Solowarm 455','Undersocialized conduct disorder, aggressive type, unspecified','Ntags','router',30),(456,'Pannier 456','Benign neoplasm of brain','Twitterwire','printer',17),(457,'Alphazap 457','Other and unspecified noninfectious gastroenteritis and colitis','Zoovu','computer',26),(458,'Asoka 458','Lack of coordination','Voonte','monitor',1),(459,'Matsoft 459','Traumatic amputation of arm and hand (complete) (partial), unilateral, at or above elbow, without mention of complication','Dabfeed','hdd',31),(460,'Quo Lux 460','Blisters, epidermal loss [second degree] of forehead and cheek','Thoughtstorm','hdd',34),(461,'Domainer 461','Other colostomy and enterostomy complication','Chatterbridge','printer',42),(462,'Fix San 462','Tumors of body of uterus, postpartum condition or complication','Voonix','router',43),(463,'Lotstring 463','Pure hypercholesterolemia','Kazu','printer',33),(464,'Fix San 464','Manic affective disorder, recurrent episode, unspecified','Rhycero','hdd',15),(465,'Sub-Ex 465','Vascular abnormalities of conjunctiva','Realpoint','printer',23),(466,'Latlux 466','Malignant neoplasm of colon, unspecified site','Kazu','computer',39),(467,'Span 467','Superficial foreign body (splinter) of elbow, forearm, and wrist, without major open wound and without mention of infection','Topicblab','printer',22),(468,'Y-find 468','Rheumatic aortic stenosis','Innotype','computer',26),(469,'Matsoft 469','Posterior corneal pigmentations','Dabjam','printer',36),(470,'Trippledex 470','Cortex (cerebral) contusion with open intracranial wound, with prolonged [more than 24 hours] loss of consciousness without return to pre-existing conscious level','Tambee','printer',4),(471,'Domainer 471','Atherosclerosis of nonautologous biological bypass graft of the extremities','Flipstorm','monitor',49),(472,'Temp 472','Pancreatic steatorrhea','Yodel','router',8),(473,'Bytecard 473','Explosion, fire, or burning in watercraft injuring dockers, stevedores','Yakidoo','computer',9),(474,'Lotstring 474','Complications of transplanted organ, unspecified','Meemm','router',32),(475,'Flowdesk 475','Hemoglobin E-beta thalassemia','Flashspan','computer',23),(476,'Trippledex 476','Blister of foot and toe(s), without mention of infection','Voomm','router',16),(477,'Sonair 477','Fitting and adjustment of gastric lap band','Layo','hdd',26),(478,'Daltfresh 478','Open fracture of vault of skull with intracranial injury of other and unspecified nature, with prolonged [more than 24 hours] loss of consciousness, without return to pre-existing conscious level','Skilith','computer',2),(479,'Asoka 479','Closed fractures involving skull or face with other bones, with intracranial injury of other and unspecified nature, with loss of consciousness of unspecified duration','Realcube','monitor',12),(480,'Wrapsafe 480','Closed dislocation of hip, unspecified site','Oba','printer',45),(481,'Quo Lux 481','Nonunion of fracture','Realpoint','router',29),(482,'Ronstring 482','Atherosclerosis of nonautologous biological bypass graft of the extremities','Twinder','printer',38),(483,'Fintone 483','Other specified arthropathy, shoulder region','Zooveo','hdd',14),(484,'Ventosanzap 484','Burn [any degree] involving 80-89 percent of body surface with third degree burn, 20-29%','Vipe','monitor',3),(485,'Flowdesk 485','Nontraffic accident involving motor-driven snow vehicle injuring other specified person','Devpulse','hdd',12),(486,'Vagram 486','Benign neoplasm of orbit','Skimia','monitor',43),(487,'Home Ing 487','Open wound of auricle, ear, without mention of complication','Oba','monitor',12),(488,'Opela 488','Family history of anemia','Brightbean','monitor',34),(489,'Konklux 489','Bucket handle tear of lateral meniscus','Browsetype','hdd',26),(490,'Greenlam 490','Bipolar I disorder, single manic episode, in full remission','Centizu','router',44),(491,'Ventosanzap 491','Intervertebral disc disorder with myelopathy, thoracic region','Skiptube','printer',15),(492,'Fixflex 492','Neoplasm of uncertain behavior of brain and spinal cord','Yozio','monitor',13),(493,'Vagram 493','Chronic atticoantral suppurative otitis media','Brightdog','monitor',45),(494,'Tempsoft 494','Injury due to other specified forms of unconventional warfare','Dabshots','monitor',27),(495,'Lotstring 495','Unspecified delay in development','Tambee','hdd',44),(496,'Bigtax 496','Hypotony of eye, unspecified','Chatterpoint','printer',47),(497,'Konklab 497','Late effects of injury purposely inflicted by other person','Skyble','printer',9),(498,'Alpha 498','Endometriosis of ovary','Twimbo','hdd',16),(499,'Ronstring 499','Other and unspecified disorder of breast associated with childbirth, delivered, with or without mention of antepartum condition','Janyx','hdd',48),(500,'Alpha 500','Aftercare for healing pathologic fracture of vertebrae','Topiczoom','hdd',5),(501,'Lotlux 501','Other organic parasomnia','Ailane','hdd',49),(502,'Stim 502','Pregnancy with history of pre-term labor','Voonyx','monitor',39),(503,'Tampflex 503','Lambert-Eaton syndrome in other diseases classified elsewhere','Skyble','printer',36),(504,'Lotlux 504','Louping ill','Photofeed','monitor',45),(505,'Tin 505','Vertical heterophoria','Leenti','monitor',2),(506,'Zontrax 506','Reaction to spinal or lumbar puncture','Divavu','monitor',3),(507,'Matsoft 507','Poisoning by alkalizing agents','Buzzdog','hdd',5),(508,'Regrant 508','Other obstetrical pulmonary embolism, postpartum condition or complication','Tagopia','computer',35),(509,'Transcof 509','Secondary diabetes mellitus with other coma, uncontrolled','Skinte','computer',22),(510,'Zoolab 510','Accidental poisoning by agents primarily affecting blood constituents','Gigazoom','router',32),(511,'Flexidy 511','Common variable immunodeficiency','Dynabox','hdd',36),(512,'Veribet 512','Other irregularities of eye movements','Quimba','hdd',27),(513,'Zathin 513','Accidental cut, puncture, perforation or hemorrhage during kidney dialysis or other perfusion','Realmix','printer',36),(514,'Bamity 514','C1-C4 level with other specified spinal cord injury','Wikizz','printer',16),(515,'Duobam 515','Discontinuity or dislocation of ear ossicles','Feedbug','printer',31),(516,'Quo Lux 516','Short stature','Wordtune','printer',2),(517,'Zoolab 517','Other specified tick-borne viral encephalitis','Rooxo','monitor',14),(518,'Konklab 518','Other cardiovascular diseases of mother, delivered, with mention of postpartum complication','Meembee','computer',8),(519,'Bigtax 519','Burkitt\'s tumor or lymphoma, intra-abdominal lymph nodes','Voomm','hdd',40),(520,'Matsoft 520','Other pre-existing hypertension complicating pregnancy, childbirth, and the puerperium, unspecified as to episode of care or not applicable','Wikizz','monitor',8),(521,'Mat Lam Tam 521','Personal history of other musculoskeletal disorders','Miboo','computer',39),(522,'It 522','Failure of lactation, delivered, with mention of postpartum complication','Mudo','router',47),(523,'Tampflex 523','Crushing injury of back','Skyndu','printer',29),(524,'Mat Lam Tam 524','Borderline personality disorder','Flashspan','router',34),(525,'Tresom 525','Other abnormality of urination','Yabox','hdd',3),(526,'Greenlam 526','Other and unspecified hormones and synthetic substitutes causing adverse effects in therapeutic use','Oyondu','printer',26),(527,'Sonair 527','Delirium due to conditions classified elsewhere','Brainlounge','printer',37),(528,'Bamity 528','Abrasion or friction burn of foot and toe(s), infected','Trilith','computer',4),(529,'Sub-Ex 529','Anomalies of relationship of jaw to cranial base, other specified anomaly','Devpoint','printer',31),(530,'Temp 530','Erythema [first degree] of scapular region','Skajo','printer',14),(531,'Cardify 531','Prolonged second stage of labor, delivered, with or without mention of antepartum condition','Aibox','router',49),(532,'Wrapsafe 532','Infertility, female, of uterine origin','Thoughtstorm','printer',36),(533,'Biodex 533','Disorders of acoustic nerve','Browsezoom','computer',43),(534,'Transcof 534','Suspected problem with amniotic cavity and membrane not found','Vimbo','printer',35),(535,'Asoka 535','Unspecified chronic bronchitis','Yakijo','router',3),(536,'Voltsillam 536','Other specified disorders of rectum and anus','Oloo','computer',18),(537,'Zontrax 537','Microphthalmos, unspecified','Chatterbridge','router',14),(538,'Lotstring 538','Malignant neoplasm of lateral wall of urinary bladder','Ntag','printer',11),(539,'Andalax 539','Other specified nonpsychotic mental disorders following organic brain damage','Twitterworks','monitor',3),(540,'Andalax 540','Cortex (cerebral) contusion without mention of open intracranial wound, with brief [less than one hour] loss of consciousness','Kwilith','router',41),(541,'Alpha 541','Tuberculous pleurisy in primary progressive tuberculosis, bacteriological or histological examination unknown (at present)','Blogtag','monitor',20),(542,'Bigtax 542','Human herpesvirus 6 infection','Mycat','computer',39),(543,'Biodex 543','ABO incompatibility with hemolytic transfusion reaction not specified as acute or delayed','Zooxo','router',16),(544,'Lotstring 544','Personal history of other leukemia','Aimbu','printer',23),(545,'Rank 545','Congenital anomalies of lens shape','Trunyx','hdd',5),(546,'Temp 546','Open fracture of cuboid','Shufflester','monitor',4),(547,'Latlux 547','Burn [any degree] involving 90 percent or more of body surface with third degree burn, 60-69%','Leexo','hdd',10),(548,'Lotlux 548','Toxic effect of liquefied petroleum gases','Yamia','computer',35),(549,'Konklab 549','Deep necrosis of underlying tissues [deep third degree] without mention of loss of a body part, of eye (with other parts of face, head, and neck)','DabZ','monitor',15),(550,'Opela 550','Toxic effect of nitrogen oxides','Buzzdog','router',8),(551,'Transcof 551','Low tension open-angle glaucoma','Meejo','router',37),(552,'Bamity 552','Malignant neoplasm of lacrimal gland','Oyoba','hdd',42),(553,'Veribet 553','Noncompliance with renal dialysis','Wikido','printer',12),(554,'Bytecard 554','Other venous embolism and thrombosis of renal vein','Zava','hdd',47),(555,'Bitwolf 555','Poisoning by ganglion-blocking agents','Twitterbeat','computer',9),(556,'Viva 556','Benign neoplasm of renal pelvis','Jaxworks','router',28),(557,'Fix San 557','Multiple and unspecified open wound of upper limb, with tendon involvement','Thoughtblab','printer',50),(558,'Zathin 558','Sezary\'s disease, unspecified site, extranodal and solid organ sites','Thoughtworks','printer',35),(559,'Trippledex 559','Closed fracture of coracoid process of scapula','Browseblab','router',44),(560,'Cardguard 560','Tetanus neonatorum','DabZ','printer',28),(561,'Quo Lux 561','Suspected damage to fetus from viral disease in the mother, affecting management of mother, antepartum condition or complication','Lazzy','computer',30),(562,'Job 562','Persistent migraine aura without cerebral infarction, with intractable migraine, so stated, without mention of status migrainosus','Trilith','hdd',36),(563,'Domainer 563','Secondary malignant neoplasm of retroperitoneum and peritoneum','Ooba','computer',50),(564,'Y-find 564','Hodgkin\'s disease, lymphocytic-histiocytic predominance, intra-abdominal lymph nodes','Edgetag','monitor',27),(565,'Cardguard 565','Antifungal antibiotics causing adverse effects in therapeutic use','Divape','printer',14),(566,'Zamit 566','Quadruplet pregnancy with fetal loss and retention of one or more fetus(es), delivered, with or without mention of antepartum condition','Realcube','computer',37),(567,'Y-find 567','Gonococcal keratitis','Jatri','printer',16),(568,'Tres-Zap 568','Open fracture of shaft of radius (alone)','Devify','computer',5),(569,'Cookley 569','Fetal growth retardation, unspecified, 2,000-2,499 grams','Browseblab','monitor',1),(570,'Cookley 570','Longitudinal deficiency, combined, involving humerus, radius, and ulna (complete or incomplete)','Trilia','router',44),(571,'Tempsoft 571','Influenza due to identified avian influenza virus with pneumonia','Skippad','computer',42),(572,'Solarbreeze 572','Hand, except finger injury','Yotz','printer',15),(573,'Trippledex 573','Personal history of unspecified disease','Photobug','printer',26),(574,'Solarbreeze 574','Gastrointestinal malfunction arising from mental factors','Fiveclub','printer',49),(575,'Stronghold 575','Contracture of palmar fascia','Ainyx','hdd',45),(576,'Flexidy 576','Rubella in the mother, antepartum condition or complication','LiveZ','printer',26),(577,'Zaam-Dox 577','Tuberculous bronchiectasis, tubercle bacilli not found by bacteriological or histological examination, but tuberculosis confirmed by other methods [inoculation of animals]','Zoovu','printer',46),(578,'Greenlam 578','Menstrual extraction','Feednation','computer',1),(579,'Tempsoft 579','Other severe protein-calorie malnutrition','Twimbo','printer',25),(580,'Greenlam 580','Macroglobulinemia','Twimbo','computer',46),(581,'Regrant 581','Other specified temporomandibular joint disorders','Yodel','router',10),(582,'Treeflex 582','Abdominal or pelvic swelling, mass, or lump, periumbilic','Thoughtstorm','computer',10),(583,'Konklab 583','Other staphylococcal septicemia','Feedbug','hdd',2),(584,'Voltsillam 584','Pyogenic arthritis, hand','Abatz','router',33),(585,'Zaam-Dox 585','Superficial foreign body (splinter) of trunk, without major open wound, infected','Skinder','router',8),(586,'Ventosanzap 586','Subdural hemorrhage following injury with open intracranial wound, with loss of consciousness of unspecified duration','Yodel','printer',41),(587,'Matsoft 587','Counseling on injury prevention','Talane','printer',27),(588,'Domainer 588','Multiple gestation with malpresentation of one fetus or more, delivered, with or without mention of antepartum condition','Tanoodle','computer',42),(589,'Bytecard 589','Large cell lymphoma, intrathoracic lymph nodes','Jaloo','computer',3),(590,'Domainer 590','Other and unspecified coagulation defects','BlogXS','monitor',1),(591,'Zamit 591','Poisoning by caffeine','Meeveo','router',13),(592,'Stronghold 592','Open wound of other and multiple sites of ear, complicated','Linkbuzz','printer',12),(593,'Cardify 593','Deficiencies of smooth pursuit movements','Einti','computer',43),(594,'Voltsillam 594','Crushing injury of wrist','Fanoodle','computer',24),(595,'Tresom 595','Other open skull fracture with subarachnoid, subdural, and extradural hemorrhage, with loss of consciousness of unspecified duration','Edgetag','computer',7),(596,'Treeflex 596','Burn [any degree] involving 70-79 percent of body surface with third degree burn, 50-59%','Browsedrive','monitor',11),(597,'Bitwolf 597','Posttraumatic stress disorder','Jaloo','hdd',46),(598,'Bamity 598','Specific infection due to acanthamoeba','Photolist','computer',4),(599,'Tresom 599','Severe atrophy of the mandible','Tazzy','monitor',9),(600,'Quo Lux 600','Open fracture of astragalus','Viva','monitor',31),(601,'Konklab 601','Peritoneal abscess','Yozio','computer',11),(602,'Aerified 602','Other and unspecified capillary diseases','Jabbertype','printer',20),(603,'Bitwolf 603','Pulmonary complications of anesthesia or other sedation in labor and delivery, delivered, with or without mention of antepartum condition','Meejo','monitor',8),(604,'Tin 604','Toxic effect of asbestos','Tagchat','router',5),(605,'Quo Lux 605','Poisoning by central nervous system muscle-tone depressants','Jaxbean','router',3),(606,'Pannier 606','Better eye: moderate vision impairment; lesser eye: profound vision impairment','Camido','hdd',14),(607,'Bigtax 607','Arthropathy associated with Reiter\'s disease and nonspecific urethritis, upper arm','Lazz','printer',45),(608,'Flexidy 608','Open fractures involving skull or face with other bones, with cerebral laceration and contusion, with concussion, unspecified','Plambee','router',49),(609,'Viva 609','Burn of unspecified degree of back of hand','Twiyo','computer',45),(610,'Cardify 610','Unspecified hemorrhoids with other complication','Tagchat','hdd',35),(611,'Stim 611','Enteritis due to enterovirus nec','Oyope','monitor',41),(612,'Viva 612','Coxsackie myocarditis','Oozz','hdd',50),(613,'Duobam 613','Adrenal hemorrhage of fetus or newborn','Brainsphere','printer',36),(614,'Daltfresh 614','Other and unspecified disc disorder, unspecified region','Edgewire','computer',40),(615,'Flowdesk 615','Body Mass Index 70 and over, adult','Dabtype','printer',26),(616,'Home Ing 616','Termination of pregnancy (fetus)','Linkbridge','monitor',19),(617,'Fix San 617','Osteoarthrosis involving, or with mention of more than one site, but not specified as generalized, multiple sites','Jetwire','printer',14),(618,'Voyatouch 618','Other nonspecific abnormal findings','Wikizz','monitor',40),(619,'Tresom 619','Closed fracture of base of skull with subarachnoid, subdural, and extradural hemorrhage, with no loss of consciousness','Gabtune','hdd',32),(620,'Tin 620','Variants of migraine, not elsewhere classified, with intractable migraine, so stated, with status migrainosus','Flipstorm','hdd',21),(621,'Home Ing 621','Mild hypoxic-ischemic encephalopathy','Voomm','computer',43),(622,'Subin 622','Incompetence or weakening of pubocervical tissue','Topicshots','computer',16),(623,'Hatity 623','Delayed delivery after spontaneous or unspecified rupture of membranes, antepartum condition or complication','Brainverse','computer',8),(624,'Wrapsafe 624','Russian spring-summer [taiga] encephalitis','Dynabox','computer',30),(625,'Konklux 625','Damage to pelvic joints and ligaments, delivered, with or without mention of antepartum condition','Skibox','printer',42),(626,'Tampflex 626','Open wound of forearm, without mention of complication','Mycat','computer',40),(627,'Bigtax 627','Lipotropic drugs causing adverse effects in therapeutic use','Mybuzz','printer',39),(628,'Konklab 628','Sprain of interphalangeal (joint), toe','Nlounge','monitor',41),(629,'Subin 629','Small kidney, unspecified','Dabfeed','router',6),(630,'Lotlux 630','Other motor vehicle nontraffic accident involving collision with moving object injuring pedestrian','Twitternation','printer',8),(631,'Treeflex 631','Crushing injury of lower leg','Feedspan','computer',43),(632,'Span 632','Accidental poisoning by carbamates','Dablist','computer',21),(633,'Daltfresh 633','Open dislocation, fifth cervical vertebra','Abatz','monitor',35),(634,'Matsoft 634','Unspecified site of spinal cord injury without evidence of spinal bone injury','JumpXS','hdd',45),(635,'Solarbreeze 635','Injury to kidney with open wound into cavity, unspecified injury','Kwinu','printer',15),(636,'Y-find 636','Sprain of coccyx','Aivee','monitor',28),(637,'Duobam 637','Primary central nervous system lymphoma, spleen','Mydo','hdd',37),(638,'Tampflex 638','Intraventricular hemorrhage unspecified grade','Gabtype','monitor',9),(639,'Mat Lam Tam 639','Degeneration of pupillary margin','Avamm','monitor',35),(640,'Lotstring 640','Health supervision of foundling','Blogtag','router',2),(641,'Stringtough 641','Open fracture of C1-C4 level with unspecified spinal cord injury','Dabfeed','hdd',39),(642,'Vagram 642','Ectopic pregnancy affecting fetus or newborn','Quimba','monitor',9),(643,'Regrant 643','Hodgkin\'s disease, mixed cellularity, lymph nodes of inguinal region and lower limb','Kazu','monitor',30),(644,'Ronstring 644','Anaerobic meningitis','Youspan','printer',34),(645,'Voltsillam 645','Cortex (cerebral) contusion with open intracranial wound, with no loss of consciousness','Aivee','hdd',17),(646,'Quo Lux 646','Other known or suspected fetal abnormality, not elsewhere classified, affecting management of mother, antepartum condition or complication','Meemm','monitor',1),(647,'Flowdesk 647','Encounter for vocational therapy','Vimbo','computer',28),(648,'Konklux 648','Infection with drug-resistant microorganisms, unspecified, with multiple drug resistance','Riffwire','computer',26),(649,'Tin 649','Injury to unspecified blood vessel of lower extremity','Wikizz','computer',49),(650,'Stronghold 650','Barrett\'s esophagus','Avaveo','printer',49),(651,'Tampflex 651','Symptomatic hemophilia A carrier','Realcube','printer',28),(652,'Greenlam 652','Tuberculous meningitis, bacteriological or histological examination unknown (at present)','Wikibox','printer',24),(653,'Domainer 653','Seborrhea','Aimbo','computer',47),(654,'Subin 654','Senility without mention of psychosis','Riffwire','printer',47),(655,'Voltsillam 655','Papyraceous fetus, delivered, with or without mention of antepartum condition','Abata','hdd',30),(656,'Stronghold 656','Acute paralytic poliomyelitis specified as bulbar, poliovirus, unspecified type','Oyondu','monitor',10),(657,'Stringtough 657','Bipolar I disorder, most recent episode (or current) depressed, severe, without mention of psychotic behavior','Pixonyx','printer',1),(658,'Stringtough 658','Intestinal infection due to E. coli, unspecified','Kwinu','hdd',28),(659,'Stringtough 659','Injury due to war operations from pellets (rifle)','Wikizz','hdd',30),(660,'Fix San 660','Acute laryngitis without mention of obstruction','Brightdog','monitor',28),(661,'Solarbreeze 661','Closed fracture of lower end of radius with ulna','Avaveo','router',37),(662,'Otcom 662','Mixed sedatives, not elsewhere classified, causing adverse effects in therapeutic use','Vinte','hdd',41),(663,'Tin 663','Lordosis associated with other conditions','Vinte','hdd',25),(664,'Bigtax 664','Acquired absence of other joint','Skibox','monitor',18),(665,'Job 665','Diabetes with other specified manifestations, type I [juvenile type], not stated as uncontrolled','Yakitri','computer',40),(666,'Viva 666','Shock during or following labor and delivery, unspecified as to episode of care or not applicable','Divavu','printer',32),(667,'Tampflex 667','Chronic tonsillitis','Riffpedia','router',12),(668,'Treeflex 668','Lumbosacral root lesions, not elsewhere classified','Twitterbridge','computer',24),(669,'Tempsoft 669','Open wound of thyroid gland, without mention of complication','Riffpath','monitor',30),(670,'It 670','Dependence on respirator, status','Oyoyo','router',34),(671,'Fix San 671','Lesion of sciatic nerve','Brightdog','monitor',44),(672,'Kanlam 672','Motor vehicle traffic accident involving collision with train injuring other specified person','Twinder','computer',49),(673,'Zathin 673','Complications of reattached forearm','Photofeed','monitor',10),(674,'Stim 674','Animal-drawn vehicle accident injuring pedestrian','Twinder','monitor',8),(675,'Zamit 675','Newborn affected by other surgical operations on mother during pregnancy','Photobug','printer',44),(676,'Hatity 676','Hemorrhage of eyelid','Layo','computer',22),(677,'Aerified 677','Other and unspecified open wound of head, complicated','Skiptube','monitor',11),(678,'Bytecard 678','Closed fracture of base of skull with other and unspecified intracranial hemorrhage, with no loss of consciousness','Feedfire','printer',47),(679,'Keylex 679','Corneal abscess','Voonte','printer',35),(680,'Subin 680','Foreign body in lens','Snaptags','computer',18),(681,'Tres-Zap 681','Open fractures involving skull or face with other bones with subarachnoid, subdural, and extradural hemorrhage, with brief [less than one hour] loss of consciousness','Buzzbean','monitor',39),(682,'Fixflex 682','Syphilis of mother, complicating pregnancy, childbirth, or the puerperium, antepartum condition or complication','Brightdog','monitor',49),(683,'Temp 683','Malignant carcinoid tumor of the cecum','Meembee','router',12),(684,'Tin 684','Cardiovascular syphilis, unspecified','Kwinu','computer',25),(685,'Namfix 685','Other hyperalimentation','Gigabox','router',42),(686,'Andalax 686','Nephritis and nephropathy, not specified as acute or chronic, with lesion of membranoproliferative glomerulonephritis','Innotype','hdd',39),(687,'Ronstring 687','Accidental fall from commode','Skyble','printer',17),(688,'Zontrax 688','Injury due to war operations by nuclear radiation effects','Tagfeed','router',17),(689,'Andalax 689','Chronic osteomyelitis, forearm','Jayo','monitor',17),(690,'Otcom 690','Arthropathy associated with other infectious and parasitic diseases, pelvic region and thigh','Youopia','printer',13),(691,'Cardify 691','Injury to sciatic nerve','Gigaclub','computer',2),(692,'Rank 692','Pathologic fracture of vertebrae','Myworks','router',28),(693,'Hatity 693','Retinal edema','Buzzdog','router',45),(694,'Bitchip 694','Other fall from one level to another in water transport injuring other specified person','Livepath','monitor',34),(695,'Tres-Zap 695','Retinal neovascularization NOS','Blogspan','printer',39),(696,'Pannier 696','Other and unspecified superficial injury of hip, thigh, leg, and ankle, without mention of infection','Devify','router',34),(697,'Trippledex 697','Peri-prosthetic osteolysis','Thoughtbridge','monitor',21),(698,'Stim 698','Motor vehicle traffic accident involving collision with train injuring driver of motor vehicle other than motorcycle','Flashspan','computer',50),(699,'Wrapsafe 699','Pre-operative respiratory examination','Realbridge','router',31),(700,'Opela 700','Chronic venous embolism and thrombosis of unspecified deep vessels of lower extremity','Twimbo','computer',37),(701,'Tampflex 701','Hyperplasia of prostate, unspecified, without urinary obstruction and other lower urinary symptoms (LUTS)','Twimbo','monitor',10),(702,'Andalax 702','Pulmonary tuberculosis, unspecified, tubercle bacilli not found by bacteriological examination, but tuberculosis confirmed histologically','Photobug','monitor',39),(703,'Toughjoyfax 703','Unspecified trauma to perineum and vulva, unspecified as to episode of care or not applicable','Yozio','computer',6),(704,'Ronstring 704','Hypercalcemia','Abatz','hdd',2),(705,'Hatity 705','Cyanosis','Mybuzz','monitor',16),(706,'Domainer 706','Open fracture of base of skull with other and unspecified intracranial hemorrhage, with prolonged [more than 24 hours] loss of consciousness, without return to pre-existing conscious level','Quimm','monitor',28),(707,'Ronstring 707','Poisoning by unspecified agent primarily affecting the gastrointestinal system','Roombo','printer',45),(708,'Vagram 708','Influenza due to identified novel influenza A virus with pneumonia','Mycat','printer',2),(709,'Job 709','Tuberculous abscess of spinal cord, bacteriological or histological examination unknown (at present)','Avavee','router',31),(710,'Daltfresh 710','Breech presentation without mention of version, delivered, with or without mention of antepartum condition','Rooxo','computer',13),(711,'Sonair 711','Internal injury to unspecified or ill-defined organs with open wound into cavity','Linktype','router',2),(712,'Temp 712','Ascariasis','Wordware','router',31),(713,'Fix San 713','Dermatochalasis','Brainsphere','hdd',24),(714,'Redhold 714','Coronary vasodilators causing adverse effects in therapeutic use','Yambee','hdd',35),(715,'Domainer 715','Full-thickness skin loss [third degree NOS] of multiple specified sites','Avamba','computer',1),(716,'Stronghold 716','Personal history of nutritional deficiency','Feedmix','router',39),(717,'Veribet 717','Hypopyon ulcer','Kazu','monitor',20),(718,'Bitchip 718','Other abnormality of urination','Centimia','hdd',45),(719,'Bamity 719','Other specified disorders of uterus, not elsewhere classified','Vimbo','computer',23),(720,'Stim 720','Calculus of bile duct without mention of cholecystitis, with obstruction','Skinix','monitor',9),(721,'Andalax 721','Genetic susceptibility to other disease','Snaptags','monitor',11),(722,'Redhold 722','Congenital reduction deformities of brain','Kwinu','hdd',26),(723,'Sonsing 723','Aftercare for healing pathologic fracture of hip','Tazzy','computer',9),(724,'Opela 724','Other specified bullous dermatoses','Zazio','router',10),(725,'Biodex 725','Cleft lip, unilateral, complete','Oyondu','computer',28),(726,'Sonsing 726','Tuberculosis of other female genital organs, bacteriological or histological examination not done','Realcube','computer',46),(727,'Sonair 727','Heterophoria, unspecified','Kaymbo','hdd',5),(728,'Transcof 728','Poisoning by glutethimide group','Skidoo','hdd',22),(729,'Keylex 729','Trench fever','Meeveo','router',24),(730,'Treeflex 730','Benign neoplasm of pelvic bones, sacrum, and coccyx','Roomm','monitor',50),(731,'Tempsoft 731','Specified congenital anomalies of lacrimal passages','Voomm','monitor',25),(732,'Bamity 732','Inguinal hernia, without mention of obstruction or gangrene, bilateral, recurrent','Eadel','computer',7),(733,'Konklab 733','Varicose veins of legs complicating pregnancy and the puerperium, postpartum condition or complication','Thoughtworks','router',23),(734,'Temp 734','Traumatic amputation of toe(s) (complete) (partial), complicated','Agivu','computer',21),(735,'Vagram 735','Injury to other specified blood vessels of upper extremity','Edgewire','computer',29),(736,'Andalax 736','Tuberculosis of other female genital organs, tubercle bacilli not found by bacteriological examination, but tuberculosis confirmed histologically','Rhyloo','printer',38),(737,'Regrant 737','Encounter for emergency contraceptive counseling and prescription','Yambee','router',22),(738,'Viva 738','Chronic glomerulonephritis with lesion of membranous glomerulonephritis','Demimbu','hdd',40),(739,'Aerified 739','Suicide and self-inflicted poisoning by corrosive and caustic substances','Quatz','hdd',5),(740,'Regrant 740','Neurogenic bladder NOS','Photobean','printer',39),(741,'Prodder 741','Longitudinal deficiency, phalanges, complete or partial','Gabtune','computer',7),(742,'Home Ing 742','Occlusal plane deviation','Jabbersphere','printer',12),(743,'Fintone 743','Low bladder compliance','Dazzlesphere','monitor',48),(744,'Namfix 744','Unspecified infection of bone, multiple sites','Photospace','computer',26),(745,'Zathin 745','Hemophthalmos, except current injury','Quatz','computer',39),(746,'Treeflex 746','Sedative, hypnotic or anxiolytic abuse, episodic','Myworks','computer',41),(747,'Stim 747','Family history of congenital anomalies','Jayo','hdd',2),(748,'Home Ing 748','Erythema [first degree] of chest wall, excluding breast and nipple','Oloo','hdd',34),(749,'Alphazap 749','Injury to lumbosacral plexus','Myworks','monitor',26),(750,'Otcom 750','Accident due to abandonment or neglect of infants and helpless persons','Meejo','computer',28),(751,'It 751','Unspecified malposition or malpresentation, antepartum condition or complication','Skinix','computer',11),(752,'Cardguard 752','Unspecified corneal disorder','Reallinks','monitor',38),(753,'Overhold 753','Screening for malignant neoplasms of oral cavity','Jaxbean','computer',11),(754,'Tresom 754','Pelvic hematoma, unspecified as to episode of care or not applicable','Twinte','printer',39),(755,'Overhold 755','Cholesteatoma of middle ear and mastoid','Plambee','printer',1),(756,'Bytecard 756','Railway accident involving collision with other object and injuring other specified person','Youopia','hdd',50),(757,'Tres-Zap 757','Reiter\'s disease','Centimia','computer',28),(758,'Trippledex 758','Bipolar I disorder, most recent episode (or current) depressed, mild','Devpoint','printer',24),(759,'Bitwolf 759','Late effects of cerebrovascular disease, other paralytic syndrome affecting dominant side','Demizz','monitor',35),(760,'Keylex 760','Adhesions of drum head to incus','LiveZ','monitor',10),(761,'Flexidy 761','Chronic myringitis without mention of otitis media','Voolith','router',47),(762,'Fix San 762','Other and unspecified hormones and synthetic substitutes causing adverse effects in therapeutic use','Rhynoodle','hdd',1),(763,'Alphazap 763','Erythema [first degree] of ear [any part]','Dabshots','hdd',44),(764,'Cookley 764','Partial edentulism, class I','Youspan','monitor',5),(765,'Sonsing 765','Ehlers-Danlos syndrome','Vitz','printer',40),(766,'Holdlamis 766','Other accident resulting from conflagration in other and unspecified building or structure','Gigabox','hdd',12),(767,'Lotlux 767','Stricture and stenosis of esophagus','Leenti','monitor',8),(768,'Konklux 768','Burn of unspecified degree of shoulder','Flipstorm','computer',28),(769,'Zamit 769','Accidental poisoning by other and unspecified agricultural and horticultural chemical and pharmaceutical preparations other than plant foods and fertilizers','Kayveo','computer',26),(770,'Fix San 770','Primary lacrimal atrophy','Brightbean','printer',46),(771,'Gembucket 771','West Nile Fever with encephalitis','Fadeo','printer',16),(772,'Quo Lux 772','Vitreous degeneration','Talane','computer',7),(773,'Bitchip 773','Incompetence or weakening of pubocervical tissue','Jetwire','hdd',49),(774,'Duobam 774','Sprains and strains of unspecified site of hip and thigh','Divavu','computer',37),(775,'Otcom 775','Other and unspecified intracranial hemorrhage following injury with open intracranial wound, with loss of consciousness of unspecified duration','Aimbo','hdd',35),(776,'Bitwolf 776','Foreign body in uterus, any part','Minyx','monitor',13),(777,'Keylex 777','Tuberculosis of other specified organs, bacteriological or histological examination not done','Centizu','printer',17),(778,'Trippledex 778','Primary tuberculous infection, unspecified, unspecified','Avaveo','monitor',23),(779,'Voyatouch 779','Monoclonal paraproteinemia','JumpXS','computer',43),(780,'Keylex 780','Unspecified inflammatory disease of female pelvic organs and tissues','Janyx','router',45),(781,'Subin 781','Closed fracture of acromial process of scapula','Thoughtbridge','printer',25),(782,'Temp 782','Keratomalacia NOS','Riffpath','router',19),(783,'Bamity 783','Other genetic testing of female','Twimm','printer',20),(784,'Bigtax 784','Anorexia nervosa','Agimba','monitor',4),(785,'Span 785','Late anemia of fetus or newborn due to isoimmunization','Fivespan','computer',5),(786,'Matsoft 786','Disturbances of branched-chain amino-acid metabolism','Realmix','monitor',38),(787,'Duobam 787','Other congenital anomalies of tongue','Twimbo','computer',39),(788,'Zaam-Dox 788','Other motor vehicle nontraffic accident of other and unspecified nature injuring other specified person','Fivebridge','computer',25),(789,'Zamit 789','Hypertensive chronic kidney disease, malignant, with chronic kidney disease stage V or end stage renal disease','Kazio','printer',25),(790,'Ventosanzap 790','Acute cholecystitis','Gabcube','hdd',21),(791,'Lotlux 791','Transient arthropathy, other specified sites','Katz','computer',11),(792,'Latlux 792','Dental restoration status','Mynte','printer',2),(793,'Sub-Ex 793','Late effects of acute poliomyelitis','Quaxo','printer',23),(794,'Wrapsafe 794','Injury to other specified blood vessels of lower extremity','Skinder','computer',38),(795,'Home Ing 795','Open dislocation, sacrum','Babbleblab','hdd',45),(796,'Kanlam 796','Chromoblastomycosis','Jabbertype','monitor',36),(797,'Alpha 797','Railway accident involving derailment without antecedent collision injuring pedestrian','Livefish','monitor',20),(798,'Zathin 798','Obstetrical pyemic and septic embolism, delivered, with mention of postpartum complication','Jabberbean','router',44),(799,'Aerified 799','Other named variants of lymphosarcoma and reticulosarcoma, lymph nodes of inguinal region and lower limb','Browsecat','router',40),(800,'Zoolab 800','Bovine stomatitis','Demivee','computer',8),(801,'Zoolab 801','Accident involving animal being ridden injuring rider of animal','Fivebridge','monitor',6),(802,'Fixflex 802','Tuberculosis of other specified bone, bacteriological or histological examination not done','Skidoo','computer',48),(803,'Cookley 803','Benign neoplasm of testis','Skivee','router',29),(804,'Span 804','Unspecified person hit by rolling stock','Flipopia','hdd',50),(805,'Redhold 805','Other specified leptospiral infections','Meezzy','hdd',8),(806,'Wrapsafe 806','Penicillins causing adverse effects in therapeutic use','Kazio','computer',33),(807,'Daltfresh 807','Unspecified malposition or malpresentation, delivered, with or without mention of antepartum condition','Snaptags','printer',49),(808,'Job 808','Other specified myoneural disorders','Dynazzy','computer',31),(809,'Redhold 809','Accidental poisoning by salicylates','Voolia','printer',5),(810,'Zoolab 810','Activities involving swimming','Kwimbee','monitor',24),(811,'Voltsillam 811','Tuberculosis of other male genital organs, bacteriological or histological examination unknown (at present)','Jaxbean','printer',29),(812,'Sub-Ex 812','Viral hepatitis B without mention of hepatic coma, acute or unspecified, with hepatitis delta','Demimbu','computer',44),(813,'Cardify 813','Arthropathy in Behcet\'s syndrome, lower leg','Blogtags','printer',20),(814,'Konklux 814','Deep necrosis of underlying tissues [deep third degree] with loss of a body part, of upper limb, unspecified site','Riffpedia','printer',41),(815,'Fixflex 815','Motor vehicle traffic accident involving collision with train injuring pedestrian','Photobug','router',27),(816,'Stronghold 816','Trichomonal prostatitis','Tagcat','computer',48),(817,'Lotstring 817','Malignant neoplasm of pharynx, unspecified','Eidel','computer',9),(818,'Flowdesk 818','Other specified drug dependence, continuous','Skyble','router',46),(819,'Pannier 819','Tuberculous pleurisy in primary progressive tuberculosis, tubercle bacilli found (in sputum) by microscopy','Vimbo','router',10),(820,'Voltsillam 820','Postdysenteric arthropathy, upper arm','Feedfish','hdd',44),(821,'Stronghold 821','Unspecified noninfectious disorder of lymphatic channels','Meejo','monitor',27),(822,'Namfix 822','Noncollision motor vehicle traffic accident while boarding or alighting injuring passenger on motorcycle','Jabberstorm','hdd',32),(823,'Fintone 823','Contusion of back','Trudoo','hdd',41),(824,'Namfix 824','Burn [any degree] involving 60-69 percent of body surface with third degree burn, 30-39%','Youspan','printer',14),(825,'Lotstring 825','Attic perforation of tympanic membrane','Zoomcast','hdd',39),(826,'Lotlux 826','Arthropathy associated with other viral diseases, multiple sites','Tekfly','router',18),(827,'Stringtough 827','Boutonniere deformity','Meezzy','monitor',30),(828,'Zamit 828','Tuberculosis of other specified organs, bacteriological or histological examination unknown (at present)','Devshare','router',9),(829,'Zaam-Dox 829','Anemia of mother, antepartum condition or complication','Tagchat','hdd',20),(830,'Lotlux 830','Grand multiparity, delivered, with or without mention of antepartum condition','LiveZ','computer',12),(831,'Trippledex 831','Tuberculosis of spleen, bacteriological or histological examination unknown (at present)','Centimia','monitor',35),(832,'Hatity 832','Traumatic amputation of leg(s) (complete) (partial), unilateral, level not specified, complicated','Geba','monitor',28),(833,'Otcom 833','Other specified disorders of prostate','Meetz','computer',7),(834,'Asoka 834','Supervision of high-risk pregnancy with other poor reproductive history','Trupe','router',22),(835,'Duobam 835','Poisoning by emollient cathartics','Gigabox','hdd',4),(836,'Aerified 836','Trichostrongyliasis','Eire','hdd',48),(837,'Solarbreeze 837','Acquired absence of uterus with remaining cervical stump','Shuffletag','router',43),(838,'Keylex 838','Other abnormalities in shape or position of gravid uterus and of neighboring structures, delivered, with or without mention of antepartum condition','Browseblab','printer',37),(839,'Pannier 839','Primary tuberculous infection, unspecified, tubercle bacilli not found (in sputum) by microscopy, but found by bacterial culture','Meedoo','printer',48),(840,'Ronstring 840','Holiday relief care','Tagcat','router',8),(841,'It 841','Hodgkin\'s paragranuloma, intrapelvic lymph nodes','Zoonoodle','monitor',1),(842,'Cardguard 842','Presenile dementia with delirium','BlogXS','computer',6),(843,'Sonair 843','Open wound of palate, complicated','Feednation','computer',15),(844,'Prodder 844','Nontraffic accident involving other off-road motor vehicle injuring unspecified person','Tazzy','monitor',23),(845,'Y-Solowarm 845','Need for prophylactic vaccination and inoculation against leishmaniasis','Gabcube','monitor',31),(846,'Y-Solowarm 846','Antibody response examination','Centimia','monitor',48),(847,'Quo Lux 847','Secondary malignant neoplasm of bone and bone marrow','Layo','computer',17),(848,'Bitwolf 848','Hodgkin\'s disease, mixed cellularity, lymph nodes of head, face, and neck','Gabspot','monitor',40),(849,'Rank 849','Stress fracture of shaft of femur','Fliptune','hdd',16),(850,'Asoka 850','Benign carcinoid tumor of the rectum','Latz','router',29),(851,'Span 851','Poisoning by keratolytics, keratoplastics, other hair treatment drugs and preparations','Rhyzio','computer',23),(852,'Cardguard 852','Activity involving push-ups, pull-ups, sit-ups','Shufflester','computer',10),(853,'Domainer 853','Benign localized hyperplasia of prostate with urinary obstruction and other lower urinary tract symptoms (LUTS)','Lajo','printer',18),(854,'Cardify 854','Other gonococcal infection of joint','Brainsphere','monitor',3),(855,'Kanlam 855','Descemetocele','Agimba','printer',22),(856,'Wrapsafe 856','Other open skull fracture with other and unspecified intracranial hemorrhage, with no loss of consciousness','Photobug','printer',24),(857,'It 857','Malocclusion, Angle\'s class I','Vidoo','monitor',6),(858,'Trippledex 858','Open fracture of upper end of fibula alone','Chatterbridge','printer',19),(859,'Greenlam 859','Nonpurulent mastitis associated with childbirth, postpartum condition or complication','Vitz','hdd',32),(860,'Quo Lux 860','Wrist drop (acquired)','Tagopia','printer',2),(861,'Bitwolf 861','Heterophoria, unspecified','Livepath','hdd',19),(862,'Fintone 862','Dental caries extending into pulp','Meembee','monitor',34),(863,'Ronstring 863','Dependence on respirator, status','Eare','computer',17),(864,'Stringtough 864','Corneal degeneration, unspecified','Cogidoo','computer',40),(865,'Rank 865','Other macular scars','Kazu','monitor',18),(866,'Alpha 866','Superficial injury of eyelids and periocular area','Yambee','printer',4),(867,'Latlux 867','Open fracture of one or more phalanges of foot','Demizz','monitor',39),(868,'Rank 868','Tuberculous fibrosis of lung, tubercle bacilli not found (in sputum) by microscopy, but found by bacterial culture','Livetube','printer',13),(869,'Namfix 869','Gonococcal seminal vesiculitis, chronic','Bubblebox','printer',19),(870,'Latlux 870','Tuberculous abscess of spinal cord, tubercle bacilli not found by bacteriological examination, but tuberculosis confirmed histologically','Blogtags','hdd',15),(871,'Regrant 871','Poisoning by other sedatives and hypnotics','Topiclounge','hdd',38),(872,'Stringtough 872','Social phobia','Reallinks','router',28),(873,'Trippledex 873','Other degenerative disorders of sclera','Youfeed','router',30),(874,'Solarbreeze 874','Other open skull fracture without mention of intracranial injury, with prolonged [more than 24 hours] loss of consciousness, without return to pre-existing conscious level','Kwideo','hdd',33),(875,'Tempsoft 875','Explosion, fire, or burning in watercraft injuring occupant of other watercraft -- other than crew','Skyba','router',31),(876,'Zontrax 876','Abdominal tenderness, unspecified site','Bubblemix','printer',33),(877,'Overhold 877','Hydromyelia','Kaymbo','monitor',25),(878,'Bamity 878','Nausea with vomiting','Vitz','router',46),(879,'Tampflex 879','Aneurysm of aorta, specified as syphilitic','Mycat','printer',15),(880,'Redhold 880','Crushing injury of back','Zoovu','hdd',37),(881,'Toughjoyfax 881','Motor vehicle traffic accident involving collision with train injuring pedestrian','Feedbug','monitor',25),(882,'Y-Solowarm 882','Hereditary hemorrhagic telangiectasia','Photobug','printer',25),(883,'Regrant 883','Acute peptic ulcer of unspecified site without mention of hemorrhage and perforation, without mention of obstruction','Feedmix','computer',28),(884,'Bigtax 884','Critical illness polyneuropathy','Blogtag','computer',26),(885,'Zoolab 885','Acromegaly and gigantism','Riffwire','router',7),(886,'Matsoft 886','Second hand tobacco smoke','Avavee','hdd',38),(887,'Cookley 887','Paragonimiasis','Twinte','hdd',37),(888,'Treeflex 888','Closed fracture of T7-T12 level with complete lesion of cord','Browsetype','hdd',40),(889,'Bytecard 889','Chondrocalcinosis, due to dicalcium phosphate crystals, other specified sites','Reallinks','monitor',48),(890,'Y-Solowarm 890','Other closed skull fracture with cerebral laceration and contusion, with concussion, unspecified','Gigashots','monitor',17),(891,'Sonair 891','Anaplastic large cell lymphoma, lymph nodes of axilla and upper limb','Dabtype','hdd',7),(892,'Latlux 892','Other manifestations of vitamin A deficiency','Skyble','router',32),(893,'Bigtax 893','Chronic or unspecified peptic ulcer of unspecified site with hemorrhage and perforation, with obstruction','Mynte','computer',45),(894,'Wrapsafe 894','Mammary duct ectasia','Dabjam','router',18),(895,'Rank 895','Contusion of foot','Jazzy','computer',2),(896,'Trippledex 896','Convalescence following psychotherapy and other treatment for mental disorder','Jetwire','monitor',44),(897,'Voltsillam 897','Primary cerebellar degeneration','Photobug','computer',26),(898,'Zamit 898','Nontraffic accident involving other off-road motor vehicle injuring pedestrian','Dynabox','monitor',42),(899,'Cookley 899','Other mechanical complication of genitourinary device, implant, and graft','Babblestorm','computer',49),(900,'Stronghold 900','Allergic arthritis, ankle and foot','Yacero','hdd',29),(901,'Viva 901','Mechanical lagophthalmos','Babbleset','router',41),(902,'Flowdesk 902','Accidental cut, puncture, perforation or hemorrhage during heart catheterization','Linkbuzz','router',43),(903,'Bamity 903','Attention to artificial vagina','Babbleblab','hdd',31),(904,'Regrant 904','Blister of elbow, forearm, and wrist, without mention of infection','Jetwire','hdd',23),(905,'Ventosanzap 905','Lipidoses','InnoZ','computer',49),(906,'Voyatouch 906','Chronic apical periodontitis','Mybuzz','router',41),(907,'Rank 907','Neonatal infective mastitis','Zoonoodle','hdd',32),(908,'Tres-Zap 908','Other second degree atrioventricular block','Oyonder','hdd',34),(909,'Matsoft 909','Failed attempted abortion without mention of complication','Buzzbean','hdd',2),(910,'Zontrax 910','Unspecified crystal arthropathy, pelvic region and thigh','Voonder','computer',14),(911,'Stronghold 911','Pneumonia in cytomegalic inclusion disease','Latz','printer',17),(912,'Andalax 912','Unspecified myeloid leukemia, in remission','Demizz','printer',27),(913,'Alpha 913','Glutethimide group causing adverse effects in therapeutic use','Jazzy','router',45),(914,'Y-Solowarm 914','Phenylketonuria [PKU]','Jabbersphere','printer',4),(915,'Trippledex 915','Malignant carcinoid tumor of midgut, not otherwise specified','Livetube','router',12),(916,'Span 916','Dyspepsia and other specified disorders of function of stomach','Wordware','monitor',35),(917,'Fix San 917','Faucial diphtheria','Skiba','monitor',21),(918,'Overhold 918','Blisters, epidermal loss [second degree] of nose (septum)','Livefish','monitor',23),(919,'Duobam 919','Allergic rhinitis due to pollen','Twitterworks','printer',30),(920,'Biodex 920','Unspecified nasal polyp','Voonix','router',37),(921,'Ronstring 921','Postmeasles encephalitis','Wordware','hdd',38),(922,'Bitwolf 922','Viral hepatitis B without mention of hepatic coma, acute or unspecified, without mention of hepatitis delta','Rhyzio','printer',14),(923,'Tres-Zap 923','Open wound of elbow, with tendon involvement','Bubblemix','printer',43),(924,'Sonsing 924','Accident to watercraft causing submersion, occupant of military watercraft, any type','Divanoodle','hdd',47),(925,'Stringtough 925','Other specified respiratory tuberculosis, tubercle bacilli not found by bacteriological examination, but tuberculosis confirmed histologically','Kimia','hdd',2),(926,'Cardguard 926','Bereavement, uncomplicated','Eadel','printer',8),(927,'Zathin 927','Other specified arthropathy, upper arm','Gabtype','computer',34),(928,'Tampflex 928','Other congenital or acquired abnormality of cervix, antepartum condition or complication','Skinix','hdd',8),(929,'Matsoft 929','Congenital factor VIII disorder','Midel','hdd',21),(930,'Cookley 930','Malignant carcinoid tumor of hindgut, not otherwise specified','Voomm','computer',25),(931,'Span 931','Open Colles\' fracture','Thoughtblab','router',49),(932,'Pannier 932','Other specified multiple gestation, unspecified number of placenta and unspecified number of amniotic sacs','Eazzy','printer',9),(933,'Tresom 933','Paranoid type schizophrenia, unspecified','Thoughtstorm','monitor',15),(934,'Asoka 934','Secondary diabetes mellitus with hyperosmolarity, uncontrolled','Edgeclub','monitor',4),(935,'Tampflex 935','Ascorbic acid deficiency','Voonte','printer',41),(936,'Mat Lam Tam 936','\"Light-for-dates\" with signs of fetal malnutrition, 1,250-1,499 grams','Tekfly','hdd',24),(937,'Flowdesk 937','Hirsutism','Jaloo','computer',45),(938,'Solarbreeze 938','Open fracture of vault of skull with cerebral laceration and contusion, with prolonged [more than 24 hours] loss of consciousness, without return to pre-existing conscious level','Skinte','router',18),(939,'Rank 939','Sensorineural hearing loss, unilateral','Wikizz','hdd',48),(940,'Treeflex 940','Open fracture of base of neck of femur','Dabvine','computer',41),(941,'Latlux 941','Intestinal infection due to other anaerobes','Yotz','computer',13),(942,'Zoolab 942','Accidents caused by knives, swords, and daggers','Zooxo','printer',37),(943,'Ventosanzap 943','Profound impairment, one eye, impairment level not further specified','Mynte','router',20),(944,'Tresom 944','Arthropathy associated with Reiter\'s disease and nonspecific urethritis, forearm','Oyoba','hdd',44),(945,'Sonair 945','Benign neoplasm of cornea','Eayo','computer',2),(946,'Cardguard 946','Arthropathy associated with other bacterial diseases, forearm','Realbuzz','computer',47),(947,'Stringtough 947','Secondary malignant neoplasm of brain and spinal cord','Dablist','hdd',10),(948,'Asoka 948','Lown-Ganong-Levine syndrome','Browsebug','router',25),(949,'Bytecard 949','Activities involving soccer','Omba','hdd',22),(950,'Keylex 950','Penetrating wound of orbit, without mention of foreign body','Gigabox','router',27),(951,'Konklab 951','Twin birth, mate stillborn, born in hospital, delivered by cesarean section','Realcube','computer',26),(952,'Treeflex 952','Senility without mention of psychosis','Eare','computer',8),(953,'Bigtax 953','Other fall from one level to another in water transport injuring dockers, stevedores','Linkbridge','printer',27),(954,'Ronstring 954','Other venereal diseases due to chlamydia trachomatis, unspecified genitourinary site','Brainlounge','monitor',42),(955,'Tresom 955','Secondary neuroendocrine tumor of distant lymph nodes','Aivee','hdd',2),(956,'Alpha 956','Benign neoplasm of testis','Browsezoom','monitor',8),(957,'Voltsillam 957','Chalazion','Oba','router',22),(958,'Zathin 958','Open dislocation of finger, unspecified part','Reallinks','monitor',16),(959,'Stim 959','Behavioral insomnia of childhood','Skinder','printer',47),(960,'Y-Solowarm 960','Other specified pulmonary tuberculosis, bacteriological or histological examination not done','Talane','hdd',23),(961,'Tresom 961','Bacterial pneumonia, unspecified','Realblab','monitor',12),(962,'Fintone 962','Other specified trigeminal nerve disorders','Skajo','hdd',50),(963,'Toughjoyfax 963','Deep necrosis of underlying tissues [deep third degree] with loss of a body part, of knee','Topicblab','computer',38),(964,'Y-find 964','Other malignant lymphomas, intrapelvic lymph nodes','Feedspan','printer',33),(965,'Alpha 965','Benign neoplasm of urinary organ, site unspecified','Jatri','computer',12),(966,'Asoka 966','Closed fracture of vault of skull with cerebral laceration and contusion, unspecified state of consciousness','Eamia','hdd',42),(967,'Flowdesk 967','Care involving other specified rehabilitation procedure','Yombu','monitor',25),(968,'Keylex 968','Congenital and hereditary thrombocytopenic purpura','Quatz','hdd',21),(969,'Flexidy 969','Open wound of knee, leg [except thigh], and ankle, complicated','Wordtune','computer',45),(970,'Lotlux 970','Grand multiparity, antepartum condition or complication','Jabberstorm','printer',24),(971,'Bigtax 971','Vascular dementia, with depressed mood','Photospace','printer',21),(972,'Trippledex 972','Tympanosclerosis involving tympanic membrane only','Talane','monitor',30),(973,'Konklux 973','Salicylates causing adverse effects in therapeutic use','Topicware','router',46),(974,'Lotlux 974','Twin gestation, unspecified number of placenta, unspecified number of amniotic sacs','Devshare','hdd',18),(975,'Fintone 975','Poisoning by anterior pituitary hormones','Dazzlesphere','router',27),(976,'Viva 976','Malignant neoplasm of dome of urinary bladder','Lazz','router',41),(977,'Hatity 977','Intestinal infection due to arizona group of paracolon bacilli','Twinder','computer',32),(978,'Lotlux 978','Other anomalies of dental arch relationship','Gabspot','computer',37),(979,'Treeflex 979','Major depressive affective disorder, recurrent episode, in full remission','Youopia','hdd',3),(980,'Bytecard 980','Unspecified monoarthritis, pelvic region and thigh','Browsezoom','hdd',25),(981,'Matsoft 981','Decreased fetal movements, affecting management of mother, antepartum condition or complication','Thoughtmix','router',12),(982,'Zamit 982','Unspecified derangement of joint, shoulder region','Podcat','monitor',31),(983,'Hatity 983','Malignant melanoma of skin of scalp and neck','Einti','printer',37),(984,'Bytecard 984','Premature rupture of membranes, antepartum condition or complication','Linktype','printer',10),(985,'Daltfresh 985','Yaba monkey tumor virus','Browsetype','monitor',2),(986,'Kanlam 986','Meningitis due to other specified bacteria','Brainbox','router',23),(987,'Flexidy 987','Nontraffic accident involving other off-road motor vehicle injuring passenger on motorcycle','Buzzster','printer',33),(988,'Stringtough 988','Other adrenal hypofunction','Quatz','computer',11),(989,'Redhold 989','Injury to anterior tibial vein','Yambee','monitor',40),(990,'Otcom 990','Crushing injury of unspecified site of trunk','Jetwire','monitor',37),(991,'Keylex 991','Chronic glomerulonephritis with lesion of rapidly progressive glomerulonephritis','Photospace','hdd',41),(992,'Solarbreeze 992','Unspecified chronic liver disease without mention of alcohol','Realcube','computer',38),(993,'Temp 993','Extreme immaturity, 1,250-1,499 grams','Tavu','computer',27),(994,'Job 994','Anterior soft tissue impingement','Twinte','printer',42),(995,'Lotlux 995','Anomalies of relationship of jaw to cranial base, maxillary asymmetry','Topiczoom','printer',7),(996,'Konklab 996','Accidental poisoning by hormones and synthetic substitutes','Wikivu','computer',9),(997,'Biodex 997','Maternal complications from in utero procedure, unspecified as to episode of care or not applicable','Kamba','router',6),(998,'Vagram 998','Maternal distress complicating labor and delivery, unspecified as to episode of care or not applicable','Blogspan','computer',20),(999,'Konklux 999','Other ill-defined conditions','Talane','hdd',30),(1000,'Regrant 1000','Duodenal ulcer, unspecified as acute or chronic, without hemorrhage or perforation, without mention of obstruction','Jetwire','printer',44);
/*!40000 ALTER TABLE `objetos` ENABLE KEYS */;
UNLOCK TABLES;

--
-- Table structure for table `permisos`
--

DROP TABLE IF EXISTS `permisos`;
/*!40101 SET @saved_cs_client     = @@character_set_client */;
 SET character_set_client = utf8mb4 ;
CREATE TABLE `permisos` (
  `id` int(11) NOT NULL AUTO_INCREMENT,
  `descripcion` varchar(45) NOT NULL,
  PRIMARY KEY (`id`)
) ENGINE=InnoDB AUTO_INCREMENT=5 DEFAULT CHARSET=utf8mb4 COLLATE=utf8mb4_0900_ai_ci;
/*!40101 SET character_set_client = @saved_cs_client */;

--
-- Dumping data for table `permisos`
--

LOCK TABLES `permisos` WRITE;
/*!40000 ALTER TABLE `permisos` DISABLE KEYS */;
INSERT INTO `permisos` VALUES (1,'lectura'),(2,'escritura'),(3,'borrado'),(4,'actualizacion');
/*!40000 ALTER TABLE `permisos` ENABLE KEYS */;
UNLOCK TABLES;

--
-- Table structure for table `permisos_objetos`
--

DROP TABLE IF EXISTS `permisos_objetos`;
/*!40101 SET @saved_cs_client     = @@character_set_client */;
 SET character_set_client = utf8mb4 ;
CREATE TABLE `permisos_objetos` (
  `id` int(11) NOT NULL AUTO_INCREMENT,
  `id_usuario` int(11) NOT NULL,
  `id_objeto` int(11) NOT NULL,
  `id_permiso` int(11) NOT NULL,
  PRIMARY KEY (`id`),
  UNIQUE KEY `permisos_objetos_pk` (`id_usuario`,`id_objeto`,`id_permiso`),
  KEY `usuario_permiso_objeto_idx` (`id_usuario`),
  KEY `permisos_permisos_idx` (`id_permiso`),
  KEY `permisos_objeto_idx` (`id_objeto`),
  CONSTRAINT `permisos_objeto` FOREIGN KEY (`id_objeto`) REFERENCES `objetos` (`id`),
  CONSTRAINT `permisos_permisos` FOREIGN KEY (`id_permiso`) REFERENCES `permisos` (`id`),
  CONSTRAINT `usuario_permiso_objeto` FOREIGN KEY (`id_usuario`) REFERENCES `usuarios` (`id`)
) ENGINE=InnoDB AUTO_INCREMENT=1651 DEFAULT CHARSET=utf8mb4 COLLATE=utf8mb4_0900_ai_ci;
/*!40101 SET character_set_client = @saved_cs_client */;

--
-- Dumping data for table `permisos_objetos`
--

LOCK TABLES `permisos_objetos` WRITE;
/*!40000 ALTER TABLE `permisos_objetos` DISABLE KEYS */;
INSERT INTO `permisos_objetos` VALUES (1223,1,24,2),(1182,1,37,1),(1273,1,43,1),(943,1,45,2),(1465,1,55,2),(983,1,68,4),(705,1,71,2),(1123,1,77,1),(849,1,95,3),(728,2,22,3),(807,2,27,4),(1080,2,37,4),(1209,2,46,1),(1491,2,57,3),(947,2,61,1),(244,2,766,2),(1166,3,1,1),(770,3,4,1),(964,3,11,2),(1135,3,14,1),(1594,3,18,2),(1171,3,32,1),(996,3,41,2),(993,3,49,3),(1464,3,56,3),(1507,3,66,2),(1228,3,66,3),(1580,3,72,3),(1426,3,73,1),(1220,3,80,1),(1275,3,86,1),(240,3,915,2),(912,4,27,3),(1456,4,34,4),(702,4,59,3),(1230,4,69,3),(1591,4,70,4),(1358,4,78,1),(863,4,79,2),(653,4,99,3),(872,5,5,3),(994,5,7,3),(1084,5,14,4),(733,5,16,3),(727,5,25,2),(1283,5,32,1),(1354,5,42,2),(960,5,60,3),(898,5,62,4),(839,5,75,4),(1372,5,81,1),(1235,5,86,1),(1129,5,86,2),(1217,5,88,1),(1057,5,93,1),(794,5,94,4),(984,5,98,2),(982,6,4,4),(756,6,16,1),(1261,6,23,4),(838,6,28,3),(933,6,57,2),(1439,6,68,4),(966,7,16,2),(1370,7,17,3),(1163,7,28,4),(1100,7,53,1),(929,7,59,2),(823,7,66,4),(1360,7,75,2),(1615,7,80,1),(1305,7,87,3),(1545,7,98,2),(416,7,566,3),(1181,8,9,1),(1307,8,13,4),(1219,8,25,3),(785,8,27,4),(1247,8,38,2),(965,8,39,3),(1199,8,60,4),(1239,8,63,2),(675,8,63,4),(1250,8,70,3),(1504,8,71,4),(1387,8,93,3),(1340,8,95,2),(1366,9,1,4),(1514,9,3,1),(1005,9,8,3),(842,9,18,4),(1640,9,41,2),(1030,9,61,3),(697,9,63,2),(1316,9,95,4),(1241,9,96,3),(1603,9,99,1),(254,9,813,3),(1186,10,15,2),(972,10,17,1),(1326,10,36,4),(1492,10,39,1),(1388,10,50,1),(902,10,59,3),(1563,10,60,3),(1188,10,67,3),(991,10,69,3),(666,10,71,1),(1167,10,74,3),(1612,10,82,3),(1345,11,22,1),(1534,11,27,4),(1371,11,38,2),(810,11,39,4),(1432,11,63,1),(676,11,65,1),(761,11,66,2),(1539,11,88,2),(760,12,11,4),(1282,12,14,2),(1540,12,41,2),(1025,12,45,3),(749,12,47,1),(712,12,81,2),(1185,12,81,3),(1457,12,84,3),(1451,12,88,2),(83,12,526,2),(1554,13,3,2),(853,13,20,4),(911,13,40,1),(836,13,83,2),(1610,13,98,2),(1330,13,98,3),(287,13,274,3),(718,14,5,1),(952,14,8,3),(1049,14,12,2),(1249,14,16,1),(1109,14,17,3),(825,14,18,1),(932,14,24,1),(678,14,27,2),(1462,14,32,2),(927,14,37,1),(656,14,39,4),(677,14,47,3),(888,14,48,1),(956,14,52,4),(1476,15,35,3),(1294,15,41,2),(950,15,44,2),(1006,15,57,3),(658,15,65,4),(655,15,68,3),(1479,15,71,3),(1412,15,73,3),(1549,15,83,2),(1599,15,84,3),(1208,16,18,2),(1438,16,19,4),(1128,16,34,1),(1132,16,37,2),(696,16,37,3),(930,16,40,2),(1590,16,55,1),(1001,16,82,2),(799,16,89,4),(720,16,91,4),(893,16,94,4),(1243,17,1,3),(771,17,5,1),(1336,17,14,1),(1369,17,28,2),(681,17,39,2),(1064,17,60,4),(654,17,65,4),(670,17,95,1),(405,17,889,3),(1493,18,18,1),(1600,18,31,2),(1642,18,34,1),(1385,18,41,3),(1440,18,42,3),(808,18,42,4),(704,18,47,4),(1571,18,55,1),(890,18,80,3),(1124,18,84,3),(1207,18,89,1),(850,18,100,1),(752,19,3,1),(1055,19,19,4),(1500,19,27,1),(1617,19,59,2),(1537,19,94,3),(215,19,410,2),(69,19,566,2),(95,19,810,2),(1093,20,2,4),(954,20,23,3),(741,20,32,1),(1256,20,33,1),(1389,20,40,3),(679,20,66,4),(1616,20,71,3),(1392,20,72,3),(1410,20,79,4),(1530,20,92,2),(1470,20,96,1),(101,20,895,2),(657,21,1,4),(1535,21,18,1),(1197,21,30,2),(837,21,30,3),(1472,21,40,1),(1448,21,58,3),(1156,21,75,2),(1381,21,80,2),(974,21,88,1),(510,21,903,4),(1390,22,4,3),(1304,22,19,1),(1090,22,20,2),(1262,22,34,4),(1575,22,54,4),(1269,22,56,2),(776,23,2,4),(803,23,30,3),(1248,23,36,3),(944,23,51,1),(1056,23,61,1),(782,23,67,2),(729,23,74,1),(730,23,75,1),(661,23,75,4),(1002,23,78,2),(1075,23,79,1),(1434,23,83,2),(1607,24,6,2),(1260,24,17,2),(832,24,28,3),(745,24,38,1),(762,24,58,3),(900,24,64,2),(1121,24,74,3),(1484,24,80,3),(846,24,96,2),(1195,24,100,4),(235,24,918,2),(1036,25,6,2),(1632,25,8,4),(873,25,12,1),(695,25,22,2),(774,25,25,2),(1506,25,30,4),(1576,25,34,4),(1557,25,36,4),(948,25,37,2),(1200,25,38,2),(1503,25,79,2),(923,25,82,2),(1315,25,83,1),(667,25,84,4),(1257,25,86,2),(226,25,728,2),(1159,26,29,3),(1423,26,31,2),(1031,26,53,3),(1021,26,73,3),(1510,26,86,4),(1649,26,95,1),(1162,26,98,3),(31,26,377,1),(310,26,457,3),(1502,27,10,3),(1516,27,13,4),(765,27,17,2),(835,27,35,2),(724,27,36,4),(1602,27,38,1),(860,27,64,4),(981,27,90,1),(829,27,92,1),(1556,28,13,3),(706,28,33,2),(953,28,42,2),(747,28,48,1),(1636,28,53,3),(830,28,57,4),(1297,28,62,1),(1145,28,79,3),(876,28,80,1),(660,28,80,3),(973,28,86,3),(711,28,94,4),(161,28,502,2),(878,29,41,4),(1321,29,53,4),(892,29,57,4),(736,29,60,2),(732,29,62,1),(1452,29,63,3),(1620,29,77,2),(1119,29,86,2),(1205,29,99,4),(831,30,9,4),(1525,30,29,4),(971,30,39,4),(1577,30,45,3),(767,30,50,4),(1406,30,56,3),(700,30,67,3),(827,30,75,2),(1018,30,82,3),(1170,30,83,4),(1011,30,88,3),(707,30,88,4),(795,30,90,3),(1318,30,100,1),(301,30,458,3),(1596,31,11,1),(988,31,12,4),(1328,31,26,2),(1071,31,26,4),(1178,31,29,4),(901,31,31,2),(1042,31,46,1),(792,31,59,2),(1293,31,61,4),(1628,31,67,3),(1546,31,87,2),(1143,31,98,2),(1106,32,9,3),(1032,32,14,3),(813,32,19,2),(1096,32,55,1),(673,32,84,4),(917,32,97,3),(1475,32,98,1),(602,32,895,4),(710,33,3,2),(1482,33,9,1),(1238,33,24,1),(928,33,26,4),(1169,33,36,4),(665,33,43,3),(1486,33,54,4),(1613,33,56,1),(1259,33,69,3),(1112,33,77,4),(1536,33,78,1),(1555,33,82,1),(970,33,96,4),(530,33,197,4),(73,33,880,2),(990,34,6,3),(935,34,16,1),(1471,34,32,2),(777,34,37,1),(1091,34,52,4),(701,34,57,3),(874,34,74,2),(1224,34,78,2),(1384,34,80,3),(847,34,85,4),(1473,34,94,4),(373,34,656,3),(627,34,701,4),(1435,35,14,2),(819,35,37,3),(1078,35,39,3),(1398,35,49,1),(1367,35,49,4),(999,35,99,1),(843,36,7,1),(1587,36,16,3),(1348,36,20,3),(858,36,24,4),(1187,36,33,2),(921,36,37,2),(1212,36,55,2),(1098,36,58,3),(1446,36,60,4),(1314,36,66,3),(1624,36,68,4),(1067,36,83,1),(1373,36,92,2),(1444,36,96,3),(451,36,357,4),(773,37,25,4),(1027,37,43,2),(682,37,50,2),(1356,37,60,2),(1046,37,62,2),(1154,37,71,1),(913,37,75,4),(1211,37,79,4),(801,37,89,3),(1319,38,11,2),(1125,38,14,3),(883,38,16,1),(709,38,24,3),(1127,38,73,3),(1581,38,78,1),(1037,38,84,1),(1290,38,92,2),(526,38,360,4),(1017,39,10,1),(1306,39,12,3),(1421,39,20,3),(926,39,32,1),(969,39,47,2),(757,39,67,1),(1391,39,82,1),(975,39,88,1),(1024,39,89,2),(541,39,258,4),(1079,40,6,3),(1295,40,6,4),(686,40,21,4),(1453,40,26,1),(1488,40,71,2),(734,40,78,4),(1196,40,96,4),(1626,41,2,2),(920,41,7,1),(1278,41,28,3),(1528,41,38,1),(942,41,63,4),(1463,41,83,4),(648,41,411,4),(1317,42,6,1),(1379,42,10,1),(869,42,49,1),(1585,42,51,2),(1038,42,64,4),(1393,42,80,2),(1567,42,87,3),(312,42,89,3),(751,42,93,2),(716,43,6,3),(722,43,39,1),(862,43,39,3),(1524,43,45,3),(857,43,62,4),(896,43,78,4),(98,43,946,2),(1622,44,50,3),(1422,44,71,2),(127,44,485,2),(652,45,2,3),(1618,45,3,3),(1118,45,10,1),(1043,45,15,1),(934,45,43,2),(1397,45,48,1),(1467,45,53,1),(818,45,61,1),(1120,45,67,2),(793,45,74,3),(141,45,130,2),(92,45,648,2),(1572,46,7,1),(1020,46,25,2),(1277,46,30,2),(1035,46,38,4),(742,46,40,1),(693,46,45,1),(1134,46,64,2),(1303,46,69,1),(1101,47,3,4),(1650,47,13,3),(1192,47,14,3),(1287,47,20,2),(758,47,36,4),(1542,47,56,2),(1449,47,61,4),(1310,47,62,4),(1408,47,75,4),(1222,47,78,3),(1627,47,86,3),(1058,47,87,3),(826,47,93,1),(1548,47,94,4),(1010,47,96,4),(1579,48,19,3),(820,48,30,2),(1202,48,36,4),(1014,48,46,1),(735,48,51,1),(690,48,65,2),(1431,48,81,3),(1028,48,87,4),(861,48,98,1),(1272,49,21,3),(1402,49,30,4),(1418,49,38,1),(1523,49,40,4),(1054,49,48,2),(669,49,54,3),(1063,49,56,3),(899,49,59,2),(1518,49,76,2),(1183,49,77,4),(1291,49,85,4),(1341,49,95,3),(1329,49,98,3),(474,49,928,4),(1288,50,1,1),(868,50,2,4),(1095,50,6,4),(1633,50,18,3),(1110,50,46,1),(1324,50,59,4),(1323,50,63,4),(1302,50,66,4),(753,50,76,2),(1034,50,87,2),(1519,50,89,2),(1153,51,4,4),(812,51,13,3),(1059,51,22,1),(1179,51,34,1),(845,51,34,2),(1527,51,42,2),(884,51,49,2),(1550,51,49,3),(789,51,54,3),(841,51,63,1),(1501,51,68,3),(783,51,70,3),(1606,51,79,3),(1126,51,83,3),(1240,51,90,3),(772,52,3,4),(663,52,5,1),(1442,52,7,4),(885,52,25,1),(1629,52,29,1),(743,52,37,3),(1151,52,45,4),(1623,52,55,3),(1574,52,56,2),(938,52,71,1),(1625,52,82,4),(800,52,83,1),(1343,52,99,1),(443,52,162,3),(558,52,758,4),(171,52,893,2),(22,53,1,1),(1066,53,23,1),(1139,53,32,4),(1019,53,41,2),(1092,53,54,2),(1226,53,75,2),(957,53,80,2),(880,53,93,1),(1203,53,93,3),(612,53,588,4),(1363,54,5,3),(1478,54,18,1),(1334,54,22,1),(1413,54,23,2),(1415,54,24,4),(1639,54,34,4),(746,54,45,2),(895,54,58,4),(1085,54,62,3),(754,54,64,1),(408,54,802,3),(1279,55,23,1),(1221,55,35,2),(1258,55,38,3),(1526,55,47,1),(1176,55,49,4),(1327,55,57,1),(1353,55,65,2),(931,55,74,3),(1509,55,80,4),(1630,55,90,1),(1175,55,91,2),(1312,56,32,4),(1009,56,36,3),(1190,56,41,1),(904,56,44,2),(1533,56,55,1),(683,56,83,3),(18,56,242,1),(662,57,9,4),(909,57,24,3),(1414,57,40,3),(980,57,51,2),(989,57,56,4),(914,57,66,1),(1033,57,71,2),(1424,57,97,2),(33,57,524,1),(1074,58,11,3),(1425,58,12,1),(1313,58,13,4),(1244,58,19,2),(1107,58,37,3),(1337,58,62,1),(1012,58,84,1),(1584,58,89,2),(1339,58,89,4),(919,58,95,4),(1309,58,97,1),(1604,59,21,2),(1513,59,25,2),(1378,59,39,3),(1359,59,43,1),(1000,59,52,2),(1087,59,57,2),(717,59,62,3),(664,59,84,1),(1351,59,95,1),(1308,59,98,1),(713,60,2,2),(1234,60,2,4),(945,60,24,4),(778,60,28,1),(1544,60,47,3),(1498,60,54,3),(775,60,91,1),(1631,60,93,4),(1559,60,94,4),(349,60,210,3),(1428,61,9,1),(1099,61,23,3),(184,61,43,2),(1614,61,49,3),(1611,61,58,1),(1083,61,85,2),(1214,61,97,3),(1204,62,32,4),(824,62,40,1),(766,62,43,2),(1487,62,43,3),(1598,62,52,1),(866,62,55,1),(894,62,62,2),(1265,62,78,2),(939,62,80,4),(875,63,7,4),(1152,63,25,4),(1255,63,27,4),(1013,63,30,3),(802,63,38,1),(1292,63,50,4),(1333,63,68,3),(796,63,69,3),(816,63,87,3),(1349,63,99,3),(1,63,742,1),(1496,64,1,4),(916,64,12,4),(737,64,18,4),(1529,64,21,1),(1430,64,22,2),(1263,64,24,2),(979,64,25,2),(1578,64,25,3),(1483,64,28,2),(1569,64,40,1),(1515,64,47,4),(1551,64,77,1),(1445,64,78,4),(925,64,84,3),(698,64,86,2),(1300,64,100,2),(220,64,277,2),(918,65,9,2),(708,65,10,2),(1404,65,34,1),(1635,65,55,2),(855,65,55,3),(1644,65,93,3),(689,65,100,4),(205,65,135,2),(1357,66,18,2),(1150,66,26,4),(731,66,40,3),(1586,66,72,3),(290,66,382,3),(313,66,875,3),(1505,67,8,4),(1490,67,9,4),(1474,67,13,1),(786,67,41,3),(1289,67,51,1),(1253,67,51,3),(790,67,70,2),(1643,67,71,2),(1375,67,85,1),(791,67,88,2),(1566,67,89,2),(1113,67,96,4),(305,67,278,3),(1411,68,20,3),(879,68,31,1),(1561,68,37,4),(870,68,55,4),(688,68,63,2),(1053,68,69,1),(1641,68,87,3),(1281,68,97,2),(587,68,758,4),(1060,69,10,4),(1040,69,11,1),(963,69,14,1),(1039,69,18,1),(1111,69,46,3),(1231,69,49,3),(1213,69,62,3),(1029,69,68,4),(1401,69,73,1),(906,69,86,1),(1227,70,3,1),(715,70,7,4),(1298,70,17,1),(1552,70,20,1),(992,70,35,2),(1062,70,36,4),(1073,70,41,4),(959,70,46,3),(1122,70,50,4),(967,70,52,4),(798,70,78,4),(886,71,12,4),(1344,71,17,2),(1443,71,24,4),(1593,71,38,4),(1136,71,44,1),(851,71,47,1),(1047,71,48,1),(1407,71,52,1),(1361,71,70,3),(684,71,86,2),(1461,71,94,4),(1108,71,100,1),(1174,72,2,3),(1158,72,3,1),(1301,72,21,3),(1131,72,34,4),(848,72,44,2),(769,72,51,3),(768,72,65,4),(1436,72,71,2),(1008,72,83,2),(1437,72,84,2),(804,72,86,2),(806,72,88,3),(1647,72,95,3),(57,72,180,2),(319,72,414,3),(685,73,2,3),(1069,73,7,4),(1173,73,27,4),(1541,73,34,3),(659,73,44,2),(1403,73,58,3),(1520,73,66,1),(1086,73,68,2),(1137,73,79,3),(881,73,100,4),(441,73,948,3),(998,74,15,1),(1242,74,18,1),(1386,74,41,4),(1376,74,49,2),(821,74,50,3),(739,74,52,2),(809,74,57,2),(817,74,66,1),(1481,74,77,2),(740,75,4,1),(1252,75,9,1),(787,75,24,4),(985,75,33,1),(1022,75,39,1),(1364,75,54,4),(854,75,71,2),(1419,75,72,3),(978,75,76,1),(1114,75,96,4),(856,76,2,4),(1595,76,12,3),(1399,76,35,2),(1383,76,37,3),(1350,76,39,1),(1070,76,48,3),(1531,76,55,3),(1420,76,60,2),(940,76,63,3),(1216,76,80,3),(1184,76,82,1),(1560,76,87,4),(1147,76,91,4),(905,76,99,3),(623,76,276,4),(1161,77,2,4),(721,77,9,3),(1236,77,20,1),(703,77,39,4),(1116,77,41,2),(723,77,50,4),(1266,77,55,3),(1382,77,64,1),(937,77,65,2),(1023,77,88,3),(1342,77,94,1),(1485,78,16,2),(1089,78,19,4),(1141,78,25,3),(1198,78,28,3),(797,78,44,1),(1050,78,51,2),(1331,78,57,3),(1497,78,67,4),(1007,78,91,4),(522,78,660,4),(1441,79,6,2),(1562,79,13,1),(887,79,20,4),(1097,79,41,1),(1409,79,45,1),(1102,79,46,1),(1395,79,48,1),(1648,79,68,1),(891,79,68,4),(1015,79,71,2),(1568,79,75,1),(867,80,1,3),(764,80,20,2),(1335,80,24,4),(725,80,26,1),(1583,80,28,2),(907,80,30,1),(962,80,45,4),(1597,80,63,2),(1338,80,71,4),(1480,80,76,3),(1160,80,77,2),(779,80,90,4),(1469,80,93,3),(903,81,2,1),(865,81,14,4),(958,81,16,1),(1454,81,56,3),(1280,81,71,2),(1044,81,82,3),(1274,82,14,1),(1142,82,44,2),(1229,82,44,4),(1447,82,56,3),(1146,82,59,4),(691,82,60,4),(1004,82,62,1),(1645,82,68,4),(1377,82,72,4),(977,82,82,1),(1522,82,83,1),(1251,82,99,4),(1201,83,2,1),(1254,83,13,3),(1355,83,17,4),(1352,83,21,2),(714,83,25,4),(1347,83,35,1),(744,83,39,4),(1155,83,43,3),(1458,83,54,2),(1565,83,55,4),(1637,83,77,4),(955,83,80,3),(1517,83,89,3),(811,83,94,1),(231,83,133,2),(1103,84,11,4),(1427,84,20,1),(1041,84,27,3),(1621,84,30,4),(1271,84,34,3),(1016,84,36,2),(882,84,44,1),(671,84,83,4),(1165,84,91,3),(63,84,980,2),(1191,85,9,2),(780,85,14,4),(1495,85,20,1),(1521,85,32,3),(1477,85,42,2),(1081,85,46,1),(1619,85,46,4),(995,85,58,2),(834,85,59,2),(1380,85,84,2),(1468,85,94,1),(393,85,170,3),(196,85,847,2),(639,85,979,4),(840,86,2,2),(1117,86,3,2),(1646,86,3,3),(1405,86,13,3),(672,86,17,3),(788,86,19,4),(1570,86,30,1),(1365,86,31,3),(1105,86,46,3),(1048,86,64,1),(1148,86,69,1),(871,86,73,2),(1194,86,93,4),(547,86,627,4),(1138,87,2,4),(1416,87,17,2),(1538,87,37,3),(1296,87,67,2),(784,87,67,4),(1400,87,71,4),(1245,87,82,2),(1215,87,85,4),(986,87,100,4),(1268,88,9,2),(1144,88,25,1),(651,88,25,4),(805,88,30,2),(1368,88,36,2),(1608,88,42,3),(1115,88,77,2),(781,88,84,1),(1450,88,85,4),(936,89,3,2),(748,89,7,4),(924,89,26,3),(1634,89,34,2),(1210,89,38,4),(1582,89,41,4),(859,89,53,1),(915,89,59,3),(1193,89,62,3),(1003,89,63,1),(1276,89,65,4),(755,89,72,1),(1459,89,74,4),(1157,89,79,3),(1284,89,85,2),(1233,89,90,4),(1601,89,95,4),(1605,90,2,1),(822,90,10,3),(1433,90,15,1),(908,90,25,2),(844,90,45,4),(1460,90,75,4),(997,90,93,4),(1394,91,38,4),(750,91,44,2),(1065,91,72,1),(828,91,77,3),(1564,91,85,2),(78,91,321,2),(1061,92,3,4),(1133,92,20,2),(1225,92,31,1),(450,92,39,3),(1051,92,46,3),(1052,92,49,1),(1026,92,52,2),(961,92,57,4),(680,92,61,1),(1130,92,66,4),(692,92,74,1),(1638,92,89,4),(699,93,6,1),(1466,93,12,1),(1082,93,22,2),(1532,93,35,2),(726,93,40,4),(1322,93,45,3),(1270,93,68,1),(1267,93,68,2),(1285,93,78,4),(1508,93,79,4),(1320,93,100,3),(59,93,854,2),(273,93,965,3),(1325,94,4,1),(1417,94,9,2),(1512,94,15,1),(1264,94,29,3),(946,94,37,4),(814,94,64,1),(125,94,300,2),(626,94,352,4),(1299,95,13,3),(877,95,16,2),(1168,95,22,1),(833,95,22,2),(674,95,29,2),(694,95,41,2),(1149,95,48,3),(1172,95,57,2),(1286,95,58,3),(1494,95,73,1),(1077,95,74,2),(897,95,93,4),(1068,95,95,4),(1362,95,99,1),(335,95,265,3),(496,95,976,4),(1374,96,6,3),(852,96,15,2),(910,96,20,1),(889,96,27,1),(1609,96,44,4),(763,96,66,2),(864,96,99,1),(350,96,399,3),(1246,97,3,4),(719,97,39,3),(1547,97,43,2),(1489,97,50,4),(1499,97,57,4),(1311,97,65,3),(1140,97,68,4),(1104,97,72,1),(1076,97,75,3),(1592,97,81,3),(738,97,87,3),(951,97,89,3),(668,98,12,4),(1346,98,31,2),(1396,98,32,2),(1189,98,38,3),(1543,98,42,3),(1232,98,49,3),(1045,98,59,2),(1511,98,90,1),(1332,99,8,4),(1588,99,32,2),(687,99,38,2),(1218,99,45,3),(1206,99,55,3),(1177,99,58,4),(1455,99,59,2),(968,99,99,2),(106,99,312,2),(815,100,16,3),(987,100,30,1),(922,100,40,4),(949,100,51,2),(1180,100,60,4),(976,100,62,3),(1589,100,63,2),(1088,100,74,3),(941,100,78,4),(233,103,202,2),(232,103,234,2),(326,103,900,3),(321,104,458,3),(576,105,72,4),(333,105,217,3),(625,105,704,4),(582,105,990,4),(38,109,665,1),(117,109,760,2),(592,110,410,4),(447,111,66,3),(390,111,465,3),(347,111,642,3),(325,112,367,3),(281,112,813,3),(460,113,295,4),(259,115,953,3),(323,116,4,3),(294,116,56,3),(550,116,840,4),(548,116,908,4),(145,117,116,2),(401,117,423,3),(5,117,589,1),(465,121,555,4),(489,121,719,4),(407,122,468,3),(495,126,321,4),(417,128,1,3),(331,133,837,3),(518,135,684,4),(605,137,921,4),(285,138,240,3),(468,138,331,4),(293,142,777,3),(410,142,860,3),(645,143,110,4),(266,144,22,3),(437,145,621,3),(616,150,664,4),(525,154,837,4),(79,154,959,2),(435,155,602,3),(544,158,659,4),(296,160,662,3),(280,162,424,3),(397,164,850,3),(607,165,227,4),(160,165,566,2),(71,169,697,2),(528,170,506,4),(107,172,684,2),(96,172,694,2),(641,174,848,4),(200,174,923,2),(343,175,603,3),(309,175,838,3),(39,179,506,1),(608,179,543,4),(458,179,965,4),(318,180,776,3),(438,181,2,3),(111,183,874,2),(577,186,360,4),(167,188,22,2),(637,188,786,4),(574,189,206,4),(475,189,727,4),(462,191,370,4),(284,191,624,3),(398,192,453,3),(501,196,239,4),(270,196,769,3),(571,197,183,4),(573,198,455,4),(122,200,646,2),(329,203,283,3),(119,204,172,2),(404,204,410,3),(586,205,440,4),(556,206,869,4),(498,207,836,4),(130,208,248,2),(354,208,589,3),(41,210,525,1),(589,215,542,4),(48,215,947,1),(615,216,570,4),(138,217,648,2),(643,221,498,4),(276,224,73,3),(159,227,246,2),(543,228,584,4),(84,229,831,2),(75,230,537,2),(340,232,945,3),(279,236,424,3),(394,237,101,3),(178,240,316,2),(265,242,238,3),(434,243,121,3),(70,245,352,2),(55,246,32,2),(356,248,360,3),(258,250,724,3),(142,254,277,2),(164,254,858,2),(8,256,285,1),(170,256,581,2),(536,256,767,4),(409,257,682,3),(593,257,720,4),(216,257,997,2),(89,261,267,2),(567,261,982,4),(490,264,368,4),(463,265,667,4),(628,266,386,4),(464,266,451,4),(218,266,599,2),(619,268,101,4),(351,270,80,3),(195,271,412,2),(611,272,109,4),(32,276,290,1),(375,276,891,3),(503,278,425,4),(202,278,591,2),(197,279,190,2),(368,280,519,3),(353,280,568,3),(146,280,755,2),(213,280,897,2),(180,281,127,2),(236,282,53,2),(27,283,590,1),(590,284,493,4),(45,285,351,1),(491,285,544,4),(26,285,974,1),(113,286,424,2),(448,291,938,3),(243,292,355,2),(406,293,623,3),(473,295,453,4),(334,302,620,3),(256,306,239,3),(595,307,235,4),(315,308,179,3),(131,310,240,2),(332,311,752,3),(212,312,690,2),(633,317,604,4),(549,319,298,4),(302,321,854,3),(481,322,42,4),(260,323,396,3),(524,324,578,4),(261,326,298,3),(72,326,731,2),(298,328,366,3),(289,329,677,3),(115,331,242,2),(377,331,506,3),(189,332,853,2),(68,337,646,2),(264,341,455,3),(642,341,965,4),(327,343,451,3),(29,343,897,1),(43,348,958,1),(40,350,731,1),(575,351,375,4),(135,352,706,2),(58,353,343,2),(403,354,896,3),(555,355,773,4),(564,358,933,4),(534,359,928,4),(341,360,712,3),(192,361,237,2),(292,362,925,3),(201,363,449,2),(156,367,657,2),(4,368,485,1),(570,370,288,4),(165,370,988,2),(515,373,328,4),(622,374,324,4),(316,374,467,3),(459,377,880,4),(427,378,899,3),(247,379,699,2),(514,380,406,4),(389,382,366,3),(426,383,748,3),(104,387,622,2),(137,387,904,2),(578,389,763,4),(44,390,1,1),(569,390,506,4),(352,390,678,3),(52,391,24,2),(359,392,44,3),(229,394,866,2),(86,394,915,2),(177,395,819,2),(158,397,740,2),(64,398,577,2),(424,399,416,3),(154,402,155,2),(65,404,280,2),(194,404,594,2),(561,404,655,4),(255,409,513,3),(239,410,211,2),(210,410,978,2),(442,412,148,3),(385,413,600,3),(540,414,992,4),(199,416,891,2),(174,418,385,2),(109,418,535,2),(250,418,636,2),(429,419,214,3),(12,420,887,1),(241,424,224,2),(613,424,342,4),(537,427,659,4),(263,429,277,3),(594,432,406,4),(100,433,620,2),(449,433,752,3),(28,438,69,1),(425,438,412,3),(624,438,413,4),(6,438,422,1),(402,439,427,3),(388,440,470,3),(454,445,143,4),(17,445,850,1),(9,449,196,1),(286,449,437,3),(467,450,257,4),(23,453,560,1),(620,455,82,4),(102,456,457,2),(364,458,511,3),(11,462,511,1),(493,465,561,4),(529,465,934,4),(139,470,379,2),(358,473,932,3),(392,474,149,3),(644,475,7,4),(583,476,220,4),(422,477,98,3),(585,482,475,4),(116,482,832,2),(209,488,269,2),(466,488,350,4),(487,488,363,4),(452,490,614,4),(516,490,838,4),(338,490,849,3),(542,492,523,4),(242,492,676,2),(187,493,237,2),(650,495,509,4),(272,496,35,3),(348,498,440,3),(636,498,838,4),(380,499,573,3),(168,501,259,2),(163,502,424,2),(600,502,582,4),(30,504,704,1),(307,505,321,3),(521,510,938,4),(617,512,438,4),(90,514,846,2),(609,515,172,4),(166,515,478,2),(420,515,576,3),(497,515,909,4),(76,522,481,2),(506,523,273,4),(277,525,751,3),(283,527,468,3),(557,527,856,4),(88,527,981,2),(268,528,84,3),(50,530,297,1),(238,530,554,2),(183,534,187,2),(603,534,240,4),(282,538,897,3),(56,538,920,2),(562,539,450,4),(509,539,905,4),(300,546,481,3),(217,550,357,2),(129,552,975,2),(20,558,499,1),(148,559,974,2),(193,562,356,2),(384,562,535,3),(598,562,600,4),(345,562,785,3),(563,562,914,4),(344,564,832,3),(360,565,203,3),(391,566,416,3),(601,566,435,4),(66,567,365,2),(118,569,466,2),(324,571,218,3),(479,571,556,4),(457,573,311,4),(517,573,718,4),(552,575,537,4),(271,576,587,3),(152,578,611,2),(42,580,585,1),(322,582,192,3),(36,583,183,1),(456,584,994,4),(61,586,230,2),(630,586,994,4),(365,587,364,3),(533,590,241,4),(531,591,289,4),(599,595,250,4),(336,595,412,3),(191,596,644,2),(415,598,397,3),(357,600,810,3),(24,601,143,1),(2,601,434,1),(419,601,478,3),(185,601,528,2),(49,604,341,1),(225,604,674,2),(87,604,858,2),(82,612,49,2),(190,612,863,2),(446,613,77,3),(188,613,495,2),(363,614,193,3),(371,615,260,3),(588,619,299,4),(395,619,731,3),(414,619,811,3),(461,620,493,4),(114,621,160,2),(99,621,627,2),(649,630,97,4),(470,632,244,4),(120,633,688,2),(423,633,997,3),(631,634,964,4),(173,638,120,2),(554,642,640,4),(7,643,93,1),(203,643,230,2),(379,644,49,3),(629,644,948,4),(140,645,858,2),(211,647,338,2),(505,647,997,4),(432,648,175,3),(169,648,921,2),(440,649,873,3),(227,653,807,2),(362,654,502,3),(455,656,285,4),(545,657,233,4),(621,657,827,4),(383,658,122,3),(93,660,857,2),(320,664,182,3),(147,665,539,2),(311,666,220,3),(162,667,190,2),(295,667,690,3),(182,668,653,2),(374,669,908,3),(234,673,769,2),(126,676,489,2),(346,678,196,3),(221,679,426,2),(634,681,565,4),(155,682,660,2),(143,685,7,2),(381,686,162,3),(478,690,270,4),(355,692,209,3),(606,693,558,4),(591,694,418,4),(97,697,621,2),(15,699,162,1),(179,699,788,2),(483,702,280,4),(136,706,138,2),(618,706,340,4),(230,709,130,2),(638,710,162,4),(288,712,464,3),(297,716,798,3),(439,717,405,3),(16,718,408,1),(511,719,666,4),(444,724,164,3),(14,725,252,1),(436,727,840,3),(157,728,107,2),(366,729,13,3),(153,729,770,2),(584,730,599,4),(222,731,95,2),(378,731,219,3),(46,734,515,1),(453,735,659,4),(306,737,708,3),(580,748,649,4),(67,750,503,2),(553,750,686,4),(133,751,161,2),(486,752,1,4),(484,755,967,4),(253,761,286,3),(566,762,992,4),(19,763,345,1),(25,766,362,1),(103,767,73,2),(77,767,820,2),(502,770,329,4),(551,771,159,4),(37,774,744,1),(535,775,229,4),(492,775,917,4),(172,777,375,2),(386,778,577,3),(91,780,306,2),(504,782,653,4),(237,787,131,2),(121,788,149,2),(47,790,35,1),(224,790,418,2),(151,792,337,2),(267,793,789,3),(480,794,39,4),(421,794,354,3),(523,798,210,4),(565,801,857,4),(81,803,796,2),(499,809,819,4),(10,810,991,1),(507,811,566,4),(35,812,241,1),(339,815,777,3),(214,816,784,2),(330,821,630,3),(303,823,944,3),(128,827,666,2),(53,828,591,2),(74,829,410,2),(80,829,639,2),(34,833,124,1),(413,834,721,3),(494,835,608,4),(482,836,206,4),(433,836,561,3),(604,837,273,4),(208,837,563,2),(412,838,691,3),(228,840,958,2),(610,842,880,4),(372,843,464,3),(278,843,568,3),(411,845,556,3),(428,846,469,3),(520,847,176,4),(430,847,820,3),(500,848,527,4),(472,850,296,4),(308,851,176,3),(476,853,229,4),(527,855,440,4),(21,857,143,1),(108,857,647,2),(269,862,21,3),(132,862,130,2),(387,862,752,3),(477,862,819,4),(314,864,172,3),(512,865,611,4),(488,865,623,4),(262,867,170,3),(223,867,533,2),(246,868,138,2),(245,869,228,2),(538,870,704,4),(13,871,38,1),(85,871,898,2),(206,873,607,2),(367,874,663,3),(51,877,257,2),(646,877,812,4),(559,878,758,4),(579,879,993,4),(219,880,23,2),(382,880,936,3),(568,881,298,4),(396,881,390,3),(469,883,976,4),(369,887,161,3),(54,888,476,2),(399,888,578,3),(134,889,29,2),(105,891,878,2),(445,892,892,3),(581,897,325,4),(546,898,59,4),(519,900,514,4),(342,904,5,3),(304,904,954,3),(471,907,307,4),(291,907,347,3),(257,910,573,3),(632,911,88,4),(204,911,278,2),(431,913,855,3),(149,914,292,2),(513,915,217,4),(560,915,529,4),(485,916,153,4),(274,922,742,3),(418,926,442,3),(539,927,344,4),(361,931,366,3),(376,932,134,3),(317,932,972,3),(532,935,563,4),(249,936,412,2),(124,941,771,2),(328,946,481,3),(123,947,684,2),(252,949,422,3),(112,949,494,2),(299,951,40,3),(614,951,378,4),(198,951,492,2),(207,951,906,2),(597,953,669,4),(186,953,986,2),(110,954,888,2),(144,956,683,2),(640,959,109,4),(596,964,468,4),(175,964,650,2),(3,964,725,1),(400,966,860,3),(508,967,848,4),(60,971,487,2),(647,972,600,4),(150,976,376,2),(181,977,339,2),(635,981,806,4),(248,983,130,2),(275,984,655,3),(337,990,167,3),(370,991,360,3),(572,991,370,4),(251,993,775,3),(176,995,353,2),(62,998,72,2),(94,998,468,2);
/*!40000 ALTER TABLE `permisos_objetos` ENABLE KEYS */;
UNLOCK TABLES;

--
-- Table structure for table `permisos_ubicaciones`
--

DROP TABLE IF EXISTS `permisos_ubicaciones`;
/*!40101 SET @saved_cs_client     = @@character_set_client */;
 SET character_set_client = utf8mb4 ;
CREATE TABLE `permisos_ubicaciones` (
  `id` int(11) NOT NULL AUTO_INCREMENT,
  `id_ubicacion` int(11) NOT NULL,
  `id_usuario` int(11) NOT NULL,
  `id_permiso` int(11) NOT NULL,
  PRIMARY KEY (`id`),
  UNIQUE KEY `permisos_ubicaciones_pk` (`id_ubicacion`,`id_usuario`,`id_permiso`),
  KEY `usuarios_permisos_ubicaciones_idx` (`id_usuario`),
  KEY `permisos_permisos_ubicaciones_idx` (`id_permiso`),
  KEY `ubicaciones_permisos_idx` (`id_ubicacion`),
  CONSTRAINT `permisos_permisos_ubicaciones` FOREIGN KEY (`id_permiso`) REFERENCES `permisos` (`id`),
  CONSTRAINT `ubicaciones_permisos` FOREIGN KEY (`id_ubicacion`) REFERENCES `ubicaciones` (`id`),
  CONSTRAINT `usuarios_permisos_ubicaciones` FOREIGN KEY (`id_usuario`) REFERENCES `usuarios` (`id`)
) ENGINE=InnoDB AUTO_INCREMENT=3001 DEFAULT CHARSET=utf8mb4 COLLATE=utf8mb4_0900_ai_ci;
/*!40101 SET character_set_client = @saved_cs_client */;

--
-- Dumping data for table `permisos_ubicaciones`
--

LOCK TABLES `permisos_ubicaciones` WRITE;
/*!40000 ALTER TABLE `permisos_ubicaciones` DISABLE KEYS */;
INSERT INTO `permisos_ubicaciones` VALUES (675,1,2,3),(1058,1,5,1),(1676,1,8,2),(1232,1,9,4),(1406,1,12,4),(353,1,20,3),(1367,1,21,4),(1460,1,28,1),(16,1,29,1),(1532,1,30,1),(1237,1,33,4),(860,1,38,1),(469,1,40,1),(1655,1,44,3),(1513,1,45,4),(1465,1,47,4),(154,1,52,2),(1151,1,53,2),(1939,1,55,4),(89,1,56,4),(1227,1,60,1),(356,1,60,3),(1011,1,61,4),(1304,1,69,1),(620,1,70,3),(1370,1,71,3),(302,1,72,1),(1171,1,77,3),(548,1,78,2),(1557,1,78,4),(574,1,80,2),(1773,1,88,2),(1336,1,88,3),(996,1,91,1),(91,1,91,2),(1937,1,96,3),(1634,1,99,1),(2211,1,206,2),(2188,1,219,3),(2076,1,224,2),(2732,1,237,3),(2249,1,309,1),(2292,1,314,3),(2769,1,340,1),(2049,1,354,2),(2612,1,360,4),(2183,1,361,1),(2656,1,364,4),(2996,1,366,1),(2099,1,406,1),(2436,1,418,4),(2878,1,428,3),(2813,1,449,2),(2532,1,506,2),(2216,1,531,4),(2714,1,554,3),(2563,1,655,1),(2501,1,670,2),(2399,1,681,1),(2011,1,681,3),(2871,1,700,4),(1165,2,1,1),(1668,2,2,1),(1752,2,4,1),(1707,2,8,2),(808,2,8,3),(668,2,9,4),(1444,2,16,2),(34,2,18,2),(787,2,23,2),(1562,2,23,4),(649,2,29,4),(249,2,31,3),(1248,2,32,2),(228,2,32,4),(1048,2,33,2),(1158,2,39,1),(139,2,40,1),(1646,2,44,3),(1605,2,45,3),(411,2,47,3),(397,2,57,1),(565,2,58,1),(908,2,60,3),(199,2,61,4),(457,2,62,3),(1308,2,71,1),(1721,2,75,4),(303,2,77,2),(1368,2,86,2),(1331,2,87,4),(809,2,89,2),(1340,2,92,4),(1458,2,94,1),(976,2,97,1),(399,2,99,1),(2709,2,202,3),(2697,2,207,4),(2846,2,229,3),(2225,2,258,1),(2632,2,300,1),(2145,2,313,2),(2820,2,338,3),(2206,2,348,4),(2940,2,350,3),(2116,2,435,3),(2149,2,439,3),(2903,2,462,4),(2283,2,474,3),(2044,2,487,3),(2571,2,506,1),(2634,2,509,1),(2910,2,558,1),(2977,2,596,3),(2440,2,609,1),(2637,2,611,3),(2354,2,615,2),(1965,3,7,3),(1818,3,18,3),(1401,3,19,2),(1590,3,21,3),(1630,3,23,1),(1704,3,23,4),(716,3,24,1),(523,3,26,4),(898,3,27,4),(1473,3,28,2),(1269,3,33,2),(1567,3,34,1),(1268,3,35,3),(339,3,42,3),(1478,3,46,1),(847,3,46,3),(773,3,52,2),(777,3,53,2),(884,3,59,2),(1986,3,62,1),(1881,3,63,2),(729,3,68,3),(266,3,69,2),(1538,3,71,2),(1498,3,74,2),(341,3,77,4),(291,3,78,3),(1020,3,78,4),(978,3,81,4),(1940,3,83,2),(1179,3,85,1),(692,3,90,2),(737,3,93,3),(1735,3,94,4),(1080,3,100,1),(2479,3,202,4),(2121,3,334,3),(2395,3,335,4),(2224,3,370,4),(2172,3,379,1),(2955,3,409,3),(2470,3,445,1),(2762,3,557,2),(2080,3,579,4),(2261,3,587,1),(2567,3,587,4),(2456,3,592,2),(2297,3,592,4),(2374,3,616,1),(2193,3,629,1),(1148,4,2,3),(296,4,5,2),(1764,4,5,4),(166,4,8,3),(1345,4,13,4),(447,4,14,3),(463,4,15,1),(1288,4,18,4),(127,4,19,1),(65,4,19,2),(780,4,23,2),(832,4,24,1),(1223,4,24,2),(806,4,26,2),(1576,4,31,1),(955,4,32,3),(1377,4,33,1),(1136,4,36,2),(189,4,39,2),(476,4,43,3),(519,4,43,4),(1379,4,44,3),(1999,4,45,4),(1619,4,47,4),(1409,4,48,2),(686,4,48,3),(444,4,55,4),(949,4,56,4),(1442,4,59,1),(1145,4,59,2),(1953,4,59,4),(451,4,64,1),(278,4,65,2),(1348,4,69,1),(270,4,73,4),(1266,4,78,1),(1688,4,78,2),(45,4,80,2),(1508,4,82,4),(387,4,83,2),(1967,4,85,4),(484,4,89,1),(1387,4,92,2),(1780,4,93,2),(1831,4,94,3),(1161,4,97,2),(120,4,97,4),(2684,4,233,1),(2434,4,246,4),(2602,4,249,3),(2320,4,268,3),(2776,4,292,1),(2018,4,334,4),(2034,4,341,3),(2204,4,413,4),(2226,4,506,2),(2539,4,575,2),(2990,4,593,2),(2937,4,593,4),(2170,4,594,4),(2677,4,597,1),(2939,4,602,1),(2448,4,642,4),(2413,4,653,4),(2989,4,687,3),(2952,4,700,4),(690,5,1,1),(489,5,3,4),(203,5,7,2),(124,5,8,4),(320,5,10,2),(1323,5,12,1),(1598,5,13,3),(1862,5,16,3),(1214,5,17,2),(892,5,17,4),(555,5,18,1),(1468,5,19,3),(755,5,19,4),(1000,5,20,1),(1311,5,21,3),(1202,5,21,4),(1724,5,25,3),(725,5,26,2),(688,5,26,4),(1561,5,28,4),(763,5,30,1),(37,5,31,1),(928,5,33,2),(1518,5,34,2),(799,5,37,4),(1294,5,38,2),(138,5,39,3),(788,5,41,1),(184,5,44,2),(393,5,44,4),(830,5,45,4),(251,5,63,1),(1716,5,73,4),(1770,5,74,1),(64,5,84,4),(1003,5,91,3),(438,5,92,3),(163,5,99,1),(2642,5,200,4),(2210,5,204,3),(2861,5,207,4),(2478,5,212,1),(2808,5,256,2),(2516,5,299,1),(2493,5,310,4),(2054,5,335,1),(2063,5,353,3),(2980,5,377,3),(2326,5,388,1),(2314,5,443,1),(2751,5,468,3),(2582,5,469,1),(2902,5,541,2),(2641,5,545,2),(2639,5,566,3),(2925,5,577,3),(2229,5,582,4),(2423,5,596,1),(2008,5,605,1),(2254,5,618,2),(2597,5,622,4),(2967,5,627,3),(2198,5,660,2),(2875,5,675,2),(2355,5,677,4),(695,6,4,2),(1761,6,6,4),(869,6,7,1),(858,6,9,3),(160,6,11,3),(208,6,12,2),(1489,6,13,1),(36,6,15,2),(1472,6,16,1),(829,6,17,4),(216,6,18,2),(1795,6,18,3),(1374,6,22,1),(1756,6,23,1),(1189,6,25,4),(650,6,28,3),(852,6,30,2),(769,6,31,2),(1914,6,32,3),(1804,6,35,3),(1184,6,36,2),(1667,6,40,2),(1731,6,41,3),(288,6,51,4),(585,6,55,1),(1249,6,56,3),(553,6,57,4),(507,6,60,3),(929,6,61,3),(1852,6,62,2),(359,6,71,3),(461,6,72,4),(352,6,80,3),(1110,6,80,4),(225,6,82,4),(837,6,89,4),(1156,6,90,1),(1886,6,95,2),(86,6,98,4),(2094,6,237,3),(2391,6,348,1),(2266,6,354,2),(2223,6,409,1),(2065,6,413,1),(2336,6,420,1),(2264,6,443,1),(2580,6,453,4),(2662,6,463,4),(2346,6,464,3),(3000,6,554,2),(2073,6,574,2),(2698,6,577,3),(2556,6,604,4),(2001,6,628,2),(2823,6,654,2),(2664,6,675,3),(2756,6,687,3),(2062,6,692,1),(1849,7,2,4),(132,7,5,2),(1963,7,16,2),(70,7,16,3),(1113,7,18,3),(180,7,25,3),(1142,7,27,4),(1842,7,30,4),(234,7,36,3),(275,7,41,3),(1036,7,48,3),(1351,7,49,3),(727,7,55,2),(501,7,62,2),(254,7,66,1),(1476,7,66,4),(1911,7,68,2),(886,7,74,2),(77,7,75,1),(105,7,76,4),(1284,7,82,1),(1143,7,85,3),(1643,7,90,4),(1357,7,95,2),(910,7,97,4),(1702,7,98,1),(1152,7,98,4),(2615,7,253,1),(2774,7,259,1),(2540,7,278,4),(2703,7,303,4),(2038,7,305,1),(2365,7,384,2),(2676,7,386,3),(2841,7,396,4),(2933,7,479,1),(2010,7,488,1),(2006,7,494,2),(2087,7,496,1),(2437,7,508,4),(2157,7,538,1),(2059,7,545,2),(2858,7,549,4),(2787,7,550,1),(2386,7,583,3),(2401,7,592,3),(2279,7,617,1),(2931,7,628,4),(2169,7,647,2),(2806,7,648,4),(2467,7,678,3),(2442,7,689,3),(1470,8,1,1),(1548,8,4,2),(434,8,9,2),(1891,8,13,1),(1920,8,16,3),(1222,8,26,2),(790,8,30,2),(1358,8,33,4),(1477,8,35,3),(1192,8,37,1),(1115,8,41,1),(1719,8,43,2),(365,8,44,3),(1446,8,49,4),(417,8,51,3),(1299,8,53,3),(569,8,54,3),(1366,8,60,1),(672,8,64,2),(372,8,65,2),(1715,8,68,4),(549,8,73,3),(265,8,73,4),(218,8,76,3),(153,8,78,2),(708,8,79,2),(1876,8,82,4),(292,8,84,3),(1924,8,86,3),(59,8,86,4),(1372,8,87,4),(1991,8,93,4),(83,8,96,2),(2503,8,217,4),(2368,8,232,2),(2929,8,280,4),(2277,8,285,2),(2911,8,285,4),(2916,8,350,1),(2515,8,389,3),(2291,8,410,1),(2627,8,450,3),(2304,8,454,1),(2976,8,499,2),(2611,8,525,2),(2585,8,527,3),(2421,8,594,4),(2872,8,613,2),(2549,8,619,2),(2572,8,646,4),(2372,8,650,2),(2768,8,650,3),(2761,8,651,1),(2723,8,687,1),(2985,8,693,1),(1629,9,10,2),(907,9,13,1),(1322,9,13,4),(1150,9,14,4),(1895,9,15,4),(137,9,16,3),(1768,9,18,2),(1303,9,19,2),(674,9,19,4),(1632,9,21,2),(842,9,30,1),(1297,9,34,1),(290,9,35,1),(962,9,36,1),(491,9,36,2),(1335,9,36,4),(1877,9,37,2),(1424,9,38,4),(1812,9,39,2),(1606,9,41,2),(916,9,41,4),(264,9,42,1),(253,9,43,3),(1427,9,43,4),(1666,9,44,4),(1583,9,45,2),(145,9,46,2),(11,9,47,2),(268,9,48,4),(1684,9,52,4),(530,9,53,4),(1588,9,57,3),(498,9,60,2),(824,9,67,1),(794,9,68,4),(156,9,69,3),(1314,9,70,1),(813,9,72,3),(782,9,78,1),(1439,9,82,3),(504,9,85,3),(700,9,85,4),(529,9,94,3),(517,9,94,4),(439,9,96,2),(4,9,97,4),(422,9,99,3),(1549,9,100,1),(2890,9,209,2),(2654,9,214,2),(2398,9,228,4),(2946,9,236,1),(2426,9,270,3),(2039,9,279,2),(2528,9,288,4),(2285,9,291,1),(2744,9,319,4),(2495,9,335,2),(2674,9,336,3),(2912,9,443,1),(2095,9,476,3),(2660,9,494,1),(2668,9,519,3),(2066,9,542,1),(2659,9,585,4),(2305,9,592,2),(2024,9,626,1),(2891,9,630,1),(2793,9,632,3),(2519,9,645,4),(2428,9,647,4),(47,10,1,4),(931,10,3,1),(743,10,6,4),(619,10,9,2),(1529,10,17,1),(1021,10,19,1),(734,10,21,4),(1984,10,23,4),(311,10,28,4),(926,10,32,4),(1651,10,34,2),(1933,10,37,1),(230,10,40,4),(1307,10,41,2),(632,10,44,2),(746,10,51,1),(63,10,60,1),(1492,10,63,3),(348,10,65,2),(96,10,67,1),(1723,10,71,4),(332,10,73,2),(1921,10,75,2),(980,10,76,2),(1990,10,76,3),(1182,10,77,4),(1373,10,78,4),(1186,10,81,1),(960,10,81,3),(1765,10,82,1),(1164,10,82,2),(279,10,82,3),(1203,10,82,4),(681,10,85,3),(983,10,86,3),(1481,10,88,1),(66,10,90,3),(81,10,91,4),(187,10,96,2),(771,10,97,2),(2109,10,258,1),(2803,10,279,3),(2951,10,351,2),(2443,10,351,4),(2147,10,375,4),(2450,10,385,1),(2699,10,418,2),(2007,10,431,4),(2455,10,478,4),(2222,10,529,2),(2505,10,532,2),(2603,10,538,3),(2351,10,553,4),(2899,10,557,4),(2002,10,575,3),(2830,10,587,1),(2053,10,610,4),(2854,10,678,4),(2214,10,680,4),(2466,10,681,2),(2766,10,691,3),(2900,10,699,2),(1669,11,6,2),(941,11,10,4),(508,11,11,1),(1603,11,14,2),(817,11,17,2),(155,11,17,4),(705,11,18,3),(1445,11,22,1),(603,11,23,3),(1915,11,30,2),(1531,11,30,3),(1594,11,32,4),(626,11,36,1),(150,11,36,3),(76,11,36,4),(477,11,38,2),(1328,11,38,4),(1989,11,39,1),(5,11,39,2),(1490,11,50,1),(1851,11,51,1),(1838,11,51,4),(1097,11,52,1),(1855,11,60,3),(176,11,61,1),(375,11,61,3),(1515,11,67,3),(691,11,67,4),(1059,11,81,3),(1047,11,83,3),(999,11,85,3),(1134,11,92,4),(1371,11,93,1),(2125,11,318,2),(2420,11,325,4),(2366,11,355,1),(2534,11,372,2),(2524,11,377,1),(2679,11,384,1),(2288,11,386,4),(2061,11,392,2),(2274,11,401,2),(2631,11,406,2),(2657,11,418,1),(2508,11,474,2),(2731,11,482,3),(2483,11,484,3),(2685,11,487,3),(2849,11,525,4),(2446,11,551,2),(2957,11,579,4),(2915,11,628,4),(2784,11,650,3),(2716,11,688,4),(1679,12,6,1),(1407,12,6,3),(1133,12,7,1),(1828,12,8,1),(749,12,9,3),(714,12,17,1),(706,12,21,3),(1973,12,23,3),(179,12,24,1),(599,12,28,3),(1381,12,30,2),(1512,12,32,3),(1659,12,34,2),(561,12,37,4),(1280,12,38,2),(483,12,40,4),(1144,12,42,3),(459,12,42,4),(750,12,46,1),(209,12,48,1),(371,12,48,2),(345,12,54,2),(60,12,57,1),(1824,12,60,1),(610,12,65,2),(1334,12,67,3),(1718,12,73,4),(1272,12,76,3),(871,12,76,4),(1832,12,78,2),(1187,12,85,4),(24,12,88,3),(552,12,89,1),(1968,12,92,1),(1841,12,94,1),(696,12,96,3),(1064,12,100,2),(1001,12,100,4),(2202,12,228,2),(2636,12,238,2),(2797,12,248,2),(2043,12,249,3),(2133,12,253,1),(2704,12,268,4),(2019,12,278,2),(2378,12,337,3),(2487,12,381,3),(2316,12,390,1),(2122,12,401,3),(2620,12,481,2),(2691,12,555,2),(2873,12,581,3),(2136,12,589,2),(2923,12,598,4),(2239,12,657,1),(2113,12,691,2),(2778,12,696,1),(584,13,6,3),(1488,13,12,3),(425,13,13,4),(429,13,16,2),(441,13,17,2),(1030,13,17,4),(413,13,21,1),(613,13,23,2),(1923,13,30,4),(1645,13,37,2),(998,13,38,3),(427,13,42,3),(1833,13,43,4),(314,13,45,1),(765,13,47,2),(1295,13,48,2),(1346,13,49,1),(1642,13,49,3),(1433,13,52,3),(1496,13,57,2),(1671,13,62,2),(1382,13,63,1),(1350,13,65,3),(492,13,68,4),(333,13,72,4),(1065,13,76,1),(1725,13,79,3),(1063,13,83,4),(1737,13,84,1),(693,13,85,1),(1053,13,87,4),(666,13,90,2),(833,13,91,2),(460,13,93,2),(1212,13,93,4),(50,13,95,1),(133,13,96,1),(655,13,98,3),(2014,13,211,2),(2906,13,212,3),(2410,13,215,3),(2414,13,234,4),(2938,13,245,2),(2596,13,250,4),(2037,13,275,1),(2030,13,298,1),(2433,13,313,4),(2244,13,314,3),(2104,13,323,2),(2950,13,361,3),(2748,13,373,3),(2608,13,401,3),(2026,13,498,3),(2577,13,514,2),(2307,13,517,3),(2949,13,518,4),(2335,13,571,3),(2464,13,581,3),(2942,13,647,3),(2364,13,658,1),(2329,13,658,3),(2134,13,663,1),(2303,13,678,4),(1355,14,1,1),(294,14,3,1),(1821,14,3,4),(482,14,5,2),(117,14,6,2),(1216,14,7,4),(1579,14,12,3),(1779,14,15,1),(1251,14,17,1),(1135,14,20,3),(110,14,22,1),(1827,14,26,2),(582,14,27,2),(219,14,28,3),(633,14,31,1),(646,14,32,1),(500,14,32,2),(640,14,37,1),(13,14,43,1),(238,14,43,2),(905,14,50,3),(1250,14,51,1),(172,14,52,3),(1091,14,54,4),(1240,14,59,3),(1456,14,64,2),(433,14,69,2),(1043,14,69,4),(621,14,70,2),(880,14,71,2),(1675,14,73,2),(551,14,73,3),(379,14,74,2),(1803,14,75,2),(246,14,79,3),(1982,14,80,3),(1701,14,81,4),(997,14,84,4),(285,14,88,1),(1469,14,89,4),(313,14,91,3),(1386,14,93,3),(1310,14,94,2),(148,14,98,1),(2245,14,215,4),(2742,14,224,3),(2772,14,272,4),(2056,14,299,4),(2491,14,313,3),(2028,14,314,1),(2405,14,345,2),(2583,14,377,2),(2789,14,399,4),(2876,14,406,3),(2295,14,409,2),(2258,14,417,2),(2880,14,431,2),(2734,14,481,4),(2995,14,557,4),(2459,14,576,1),(2163,14,594,2),(2617,14,607,2),(2371,14,622,2),(2227,14,681,2),(2299,14,698,3),(1231,15,2,1),(764,15,6,2),(636,15,8,2),(321,15,9,1),(1130,15,9,3),(1290,15,10,4),(458,15,12,1),(861,15,15,3),(1146,15,20,4),(520,15,26,4),(1324,15,31,2),(1168,15,31,3),(1674,15,32,3),(575,15,35,3),(415,15,35,4),(800,15,36,2),(257,15,36,3),(1341,15,38,1),(312,15,38,2),(173,15,47,2),(986,15,47,3),(1360,15,50,1),(889,15,52,4),(212,15,53,4),(1992,15,56,2),(1551,15,59,2),(1015,15,59,3),(1575,15,61,3),(1388,15,65,1),(1417,15,65,2),(213,15,65,4),(221,15,66,4),(280,15,72,1),(496,15,84,4),(612,15,85,4),(1521,15,89,4),(831,15,90,3),(1564,15,96,1),(2521,15,241,2),(2088,15,270,4),(2622,15,328,2),(2958,15,400,4),(2215,15,414,2),(2197,15,487,4),(2500,15,553,2),(2445,15,563,3),(2323,15,574,3),(2013,15,589,3),(2795,15,669,1),(2851,15,669,2),(2924,15,689,3),(2251,15,700,2),(959,16,2,4),(752,16,6,4),(1623,16,10,4),(607,16,17,4),(902,16,23,4),(807,16,29,2),(281,16,32,4),(1395,16,33,3),(751,16,34,2),(1213,16,37,3),(1960,16,38,1),(1708,16,38,4),(958,16,40,2),(1300,16,40,4),(1173,16,42,1),(478,16,44,3),(602,16,44,4),(1045,16,46,4),(875,16,51,3),(1610,16,51,4),(1835,16,54,3),(1121,16,56,1),(573,16,57,3),(113,16,61,1),(305,16,65,1),(1887,16,68,3),(194,16,69,2),(1586,16,73,1),(982,16,81,3),(1482,16,85,3),(1843,16,90,1),(31,16,90,4),(1369,16,91,3),(1122,16,95,4),(263,16,96,4),(1188,16,97,3),(946,16,98,4),(2964,16,209,4),(2527,16,268,4),(2847,16,276,2),(2179,16,337,1),(2375,16,341,3),(2718,16,384,3),(2416,16,405,1),(2640,16,455,2),(2130,16,468,3),(2361,16,484,3),(2178,16,487,1),(2589,16,490,4),(2648,16,535,2),(2968,16,551,3),(2075,16,562,1),(2874,16,568,2),(2881,16,571,1),(2601,16,596,2),(2289,16,600,1),(2023,16,628,4),(2404,16,657,3),(2221,16,660,4),(2418,16,673,3),(2256,16,686,2),(2839,16,699,4),(630,17,1,3),(267,17,2,1),(104,17,2,2),(474,17,6,1),(325,17,8,4),(1988,17,11,4),(1971,17,13,1),(586,17,13,2),(711,17,18,2),(260,17,18,4),(1410,17,20,4),(1696,17,22,1),(1730,17,25,3),(903,17,26,1),(1994,17,26,2),(258,17,27,2),(211,17,28,2),(736,17,31,1),(277,17,36,1),(1962,17,38,2),(158,17,46,1),(250,17,50,4),(1720,17,51,2),(25,17,52,3),(343,17,54,3),(1275,17,57,2),(942,17,59,1),(1929,17,59,3),(1617,17,59,4),(770,17,61,1),(1878,17,61,2),(601,17,63,1),(795,17,66,3),(924,17,68,1),(1964,17,72,3),(1975,17,73,1),(1089,17,73,2),(1918,17,77,1),(244,17,78,1),(1639,17,81,4),(185,17,83,1),(1697,17,88,4),(539,17,89,2),(1291,17,89,4),(79,17,90,1),(1865,17,93,1),(1318,17,97,2),(2807,17,265,1),(2936,17,279,2),(2695,17,287,3),(2191,17,324,4),(2494,17,371,1),(2574,17,379,4),(2472,17,407,4),(2050,17,480,4),(2417,17,510,1),(2888,17,543,3),(2035,17,575,4),(2983,17,588,4),(2852,17,607,2),(2973,17,616,4),(2482,17,623,1),(2767,17,661,4),(1338,18,4,3),(12,18,5,4),(1753,18,8,4),(456,18,17,1),(259,18,19,4),(1425,18,24,2),(1505,18,30,2),(835,18,31,3),(1487,18,34,2),(420,18,34,4),(190,18,40,1),(1578,18,40,4),(1845,18,41,2),(1363,18,51,3),(1033,18,51,4),(1037,18,54,3),(99,18,55,4),(623,18,56,1),(472,18,60,3),(256,18,60,4),(914,18,65,4),(109,18,68,1),(1108,18,70,1),(1534,18,72,2),(720,18,74,3),(1243,18,75,2),(223,18,75,3),(1084,18,77,2),(566,18,80,1),(1712,18,84,1),(317,18,85,2),(533,18,87,3),(920,18,89,2),(1749,18,93,4),(919,18,94,1),(226,18,95,4),(1574,18,96,1),(1912,18,98,2),(2247,18,210,1),(2205,18,309,1),(2427,18,334,3),(2429,18,334,4),(2725,18,377,4),(2578,18,388,2),(2720,18,431,1),(2675,18,470,2),(2800,18,501,2),(2167,18,505,4),(2161,18,556,3),(2282,18,567,2),(2241,18,624,2),(2363,18,641,2),(2905,18,678,4),(1195,19,3,2),(1180,19,9,1),(1566,19,11,2),(141,19,12,4),(1693,19,19,3),(864,19,25,2),(1086,19,26,2),(1996,19,27,4),(713,19,28,3),(1111,19,32,4),(513,19,34,4),(1018,19,39,3),(560,19,46,1),(1820,19,51,1),(1485,19,52,1),(984,19,57,2),(1155,19,58,3),(1706,19,60,3),(205,19,61,4),(1052,19,64,2),(1066,19,65,4),(1123,19,67,1),(854,19,68,4),(1717,19,70,2),(349,19,72,2),(1198,19,73,4),(664,19,77,1),(1750,19,78,3),(207,19,81,4),(1932,19,84,3),(95,19,92,1),(1913,19,96,4),(874,19,100,2),(2535,19,226,2),(2944,19,292,1),(2866,19,348,1),(2845,19,351,3),(2499,19,355,4),(2397,19,366,3),(2238,19,425,3),(2511,19,446,2),(2799,19,448,3),(2557,19,452,1),(2791,19,489,3),(2458,19,572,4),(2994,19,608,1),(2068,19,621,4),(2486,19,637,1),(335,20,2,1),(1763,20,2,4),(509,20,4,2),(1995,20,17,1),(1569,20,17,2),(1627,20,20,2),(1495,20,22,1),(670,20,22,2),(944,20,29,1),(252,20,32,2),(624,20,36,1),(90,20,36,4),(322,20,39,1),(1601,20,42,1),(1633,20,46,4),(1132,20,47,1),(758,20,47,4),(912,20,52,3),(536,20,54,1),(1260,20,56,1),(1480,20,61,1),(30,20,66,4),(391,20,70,3),(1648,20,71,3),(511,20,71,4),(710,20,72,4),(1259,20,73,3),(68,20,74,4),(1533,20,86,3),(1461,20,91,3),(1104,20,91,4),(1140,20,95,2),(286,20,95,4),(930,20,96,4),(2643,20,226,4),(2848,20,249,4),(2579,20,258,4),(2857,20,263,4),(2333,20,291,1),(2311,20,301,2),(2635,20,331,2),(2124,20,384,2),(2510,20,435,4),(2828,20,442,1),(2022,20,454,3),(2514,20,464,2),(2085,20,472,1),(2727,20,484,1),(2507,20,485,1),(2652,20,507,4),(2837,20,518,4),(2817,20,557,2),(2207,20,610,4),(2829,20,629,4),(2554,20,641,2),(2827,20,653,1),(1027,21,4,1),(1241,21,7,1),(1657,21,7,3),(2000,21,8,1),(479,21,13,1),(1273,21,17,2),(1426,21,18,1),(616,21,19,4),(676,21,24,2),(1050,21,25,1),(323,21,28,2),(1199,21,28,3),(570,21,33,1),(784,21,34,4),(1526,21,36,3),(948,21,37,1),(677,21,38,1),(1313,21,41,2),(828,21,41,4),(200,21,42,2),(936,21,42,3),(121,21,44,1),(162,21,50,2),(762,21,50,3),(304,21,51,1),(1062,21,51,2),(1874,21,60,2),(1067,21,64,1),(1524,21,64,2),(33,21,67,1),(467,21,67,2),(1983,21,71,4),(1966,21,72,3),(849,21,75,3),(1279,21,78,3),(1414,21,80,3),(1087,21,84,4),(402,21,85,1),(1105,21,86,3),(1691,21,95,3),(1218,21,97,3),(1147,21,99,1),(1176,21,99,3),(759,21,99,4),(2154,21,200,2),(2461,21,268,3),(2347,21,270,1),(2111,21,276,1),(2618,21,303,4),(2974,21,314,2),(2317,21,339,3),(2749,21,371,1),(2777,21,371,3),(2300,21,375,4),(2730,21,391,2),(2822,21,399,3),(2334,21,429,1),(2036,21,436,3),(2129,21,444,2),(2096,21,458,2),(2424,21,503,2),(2339,21,509,1),(2553,21,523,3),(2268,21,550,3),(2234,21,590,1),(2708,21,593,1),(2246,21,612,4),(2110,21,626,2),(2451,21,630,4),(2331,21,653,2),(2091,21,681,4),(87,22,4,4),(1511,22,5,2),(990,22,7,3),(1972,22,10,1),(679,22,16,3),(1024,22,19,2),(753,22,22,3),(901,22,25,3),(821,22,26,4),(1836,22,27,3),(1807,22,36,4),(487,22,43,3),(1580,22,44,1),(80,22,44,3),(1661,22,51,2),(159,22,55,4),(843,22,58,2),(308,22,63,4),(1397,22,66,4),(1500,22,69,2),(845,22,71,2),(820,22,73,1),(635,22,74,3),(730,22,76,3),(940,22,76,4),(146,22,78,3),(1900,22,80,4),(518,22,83,3),(126,22,84,4),(814,22,95,3),(1925,22,96,2),(7,22,99,3),(2901,22,207,2),(2600,22,235,3),(2189,22,239,1),(2360,22,251,4),(2345,22,252,3),(2945,22,289,1),(2595,22,375,1),(2882,22,388,1),(2097,22,532,1),(2328,22,560,2),(2213,22,561,4),(2633,22,601,2),(2100,22,639,3),(446,23,2,3),(1032,23,3,2),(1185,23,7,1),(1467,23,7,2),(531,23,9,4),(20,23,11,3),(547,23,17,4),(1981,23,20,2),(618,23,21,2),(673,23,22,1),(1692,23,22,4),(723,23,25,3),(88,23,27,4),(287,23,28,2),(961,23,33,3),(410,23,34,1),(227,23,48,2),(1543,23,49,1),(494,23,50,3),(1074,23,51,4),(1298,23,53,1),(1317,23,55,1),(792,23,55,3),(804,23,57,3),(938,23,60,3),(53,23,62,4),(642,23,71,4),(74,23,84,1),(1196,23,85,2),(757,23,89,1),(1283,23,91,2),(1947,23,92,2),(1714,23,96,3),(374,23,97,2),(1129,23,99,3),(2747,23,215,4),(2998,23,261,2),(2678,23,271,2),(2318,23,276,3),(2325,23,307,2),(2781,23,326,1),(2713,23,338,2),(2064,23,407,4),(2666,23,418,4),(2158,23,424,4),(2630,23,433,1),(2255,23,452,3),(2893,23,479,1),(2233,23,521,3),(2649,23,526,3),(2310,23,529,1),(2979,23,531,4),(2669,23,554,3),(2758,23,596,4),(2517,23,647,1),(1861,24,1,1),(363,24,3,1),(346,24,5,1),(798,24,9,2),(1208,24,9,3),(114,24,9,4),(1449,24,13,2),(38,24,14,1),(953,24,18,3),(106,24,19,1),(486,24,21,1),(1853,24,21,3),(1302,24,22,1),(406,24,22,2),(1553,24,23,1),(967,24,24,2),(578,24,28,1),(1625,24,29,2),(239,24,29,3),(877,24,30,2),(293,24,31,4),(111,24,32,3),(1615,24,34,4),(1868,24,40,3),(67,24,41,2),(1654,24,55,3),(165,24,58,3),(1593,24,61,2),(1072,24,62,3),(1775,24,64,1),(1748,24,66,1),(1138,24,68,2),(975,24,69,4),(738,24,71,3),(991,24,72,1),(1319,24,80,4),(728,24,81,2),(1038,24,83,4),(1892,24,84,2),(1441,24,86,4),(558,24,92,3),(2184,24,226,1),(2168,24,262,3),(2298,24,294,2),(2278,24,332,4),(2306,24,333,1),(2721,24,385,4),(2605,24,394,2),(2287,24,397,2),(2257,24,494,4),(2688,24,504,3),(2083,24,507,2),(2471,24,515,1),(2825,24,534,2),(2105,24,536,1),(2468,24,540,3),(2200,24,540,4),(2369,24,628,3),(2286,24,685,4),(1471,25,2,4),(42,25,9,2),(897,25,9,3),(1961,25,10,2),(1430,25,10,3),(1448,25,12,1),(1662,25,12,3),(1850,25,17,2),(135,25,22,2),(35,25,23,2),(1493,25,27,2),(470,25,31,1),(46,25,32,4),(344,25,33,1),(17,25,33,4),(1516,25,34,2),(1563,25,35,2),(499,25,36,1),(168,25,36,3),(1922,25,38,2),(382,25,40,2),(1542,25,41,1),(850,25,42,1),(537,25,42,3),(878,25,45,3),(502,25,46,4),(22,25,47,2),(1101,25,48,2),(490,25,54,1),(1041,25,57,4),(545,25,58,4),(622,25,71,4),(827,25,73,1),(1102,25,74,2),(247,25,80,4),(657,25,81,4),(271,25,83,4),(615,25,84,4),(1797,25,89,4),(248,25,90,3),(236,25,90,4),(195,25,91,1),(1867,25,91,4),(1503,25,93,1),(1434,25,94,4),(660,25,95,3),(631,25,98,2),(1695,25,100,2),(2324,25,215,4),(2201,25,225,1),(2562,25,238,2),(2422,25,254,4),(2108,25,262,2),(2646,25,301,2),(2536,25,350,4),(2997,25,415,4),(2542,25,435,3),(2092,25,456,4),(2393,25,465,1),(2150,25,572,3),(2526,25,622,1),(2020,25,652,3),(197,26,3,1),(1278,26,4,3),(152,26,10,1),(1520,26,11,2),(865,26,13,3),(1530,26,13,4),(318,26,15,4),(899,26,16,1),(1277,26,17,1),(1800,26,22,2),(1844,26,23,1),(1957,26,24,4),(993,26,26,1),(465,26,26,3),(1869,26,26,4),(1649,26,31,4),(1573,26,34,3),(142,26,35,2),(1959,26,38,4),(834,26,39,4),(882,26,42,1),(900,26,44,1),(1560,26,46,2),(328,26,51,2),(1970,26,51,4),(863,26,52,1),(1023,26,54,1),(101,26,55,3),(1069,26,57,2),(1636,26,61,1),(1017,26,62,1),(1438,26,63,2),(136,26,64,3),(340,26,65,1),(1866,26,66,3),(1665,26,67,1),(712,26,68,2),(9,26,70,4),(1252,26,75,2),(361,26,81,4),(1978,26,84,1),(1686,26,86,3),(609,26,87,1),(811,26,90,1),(1479,26,90,3),(1177,26,93,3),(198,26,94,2),(384,26,97,3),(310,26,98,1),(2315,26,262,1),(2543,26,269,4),(2081,26,273,1),(2724,26,275,1),(2638,26,278,2),(2821,26,282,2),(2240,26,288,4),(2276,26,307,3),(2102,26,367,2),(2480,26,412,4),(2356,26,432,4),(2544,26,509,2),(2682,26,513,4),(2548,26,522,3),(2932,26,526,3),(2667,26,528,3),(2686,26,559,1),(2332,26,615,1),(2564,26,623,3),(2843,26,652,3),(1658,27,3,3),(217,27,4,3),(61,27,11,1),(597,27,11,4),(1256,27,12,4),(964,27,15,4),(1600,27,25,2),(1943,27,35,2),(1875,27,38,3),(396,27,40,3),(364,27,42,2),(1759,27,44,1),(1352,27,44,4),(6,27,47,1),(812,27,52,3),(515,27,54,3),(1685,27,55,4),(634,27,58,3),(1734,27,59,3),(656,27,61,1),(1798,27,62,4),(1794,27,63,4),(659,27,65,2),(867,27,66,2),(360,27,71,2),(220,27,74,1),(1664,27,76,1),(1235,27,76,4),(1626,27,78,1),(102,27,80,1),(823,27,83,2),(1282,27,84,3),(437,27,95,1),(1819,27,96,2),(1354,27,97,2),(2892,27,222,3),(2894,27,279,4),(2017,27,327,2),(2629,27,353,1),(2139,27,360,1),(2661,27,422,4),(2826,27,456,1),(2171,27,462,1),(2005,27,483,2),(2650,27,544,4),(2174,27,600,2),(2982,27,610,2),(2379,27,611,3),(2887,27,647,4),(2462,27,671,1),(2802,27,674,2),(2816,27,684,2),(1801,28,2,1),(694,28,6,4),(1650,28,7,3),(1732,28,9,4),(1497,28,10,1),(702,28,16,2),(1954,28,17,1),(10,28,18,2),(1312,28,19,4),(663,28,30,2),(1993,28,31,1),(1540,28,33,2),(951,28,38,3),(175,28,42,4),(1028,28,46,4),(1100,28,50,2),(21,28,54,2),(937,28,58,4),(1384,28,59,3),(1581,28,60,4),(1774,28,65,3),(1949,28,66,2),(1896,28,67,4),(1888,28,68,1),(538,28,74,2),(1450,28,82,1),(726,28,84,3),(1546,28,87,2),(15,28,91,1),(1486,28,91,2),(2093,28,327,1),(2419,28,365,3),(2590,28,401,2),(2165,28,413,1),(2047,28,428,4),(2488,28,457,1),(2301,28,506,1),(2922,28,537,3),(2809,28,571,3),(2438,28,622,2),(2978,28,699,1),(1153,29,2,1),(1106,29,3,1),(32,29,4,3),(116,29,8,2),(1431,29,16,3),(1306,29,18,1),(350,29,20,1),(1262,29,21,4),(791,29,23,4),(1930,29,25,4),(1344,29,31,2),(395,29,32,4),(1539,29,33,1),(896,29,34,3),(868,29,37,3),(557,29,42,1),(1680,29,43,2),(1396,29,44,3),(169,29,53,1),(1316,29,57,2),(495,29,57,4),(1217,29,58,2),(684,29,66,3),(485,29,68,4),(1109,29,73,1),(412,29,74,3),(1405,29,76,2),(26,29,76,3),(1945,29,79,1),(428,29,79,4),(1641,29,89,3),(571,29,92,2),(1871,29,96,3),(94,29,97,4),(2435,29,208,2),(2141,29,225,2),(2275,29,284,4),(2260,29,375,3),(2818,29,401,4),(2850,29,479,4),(2586,29,508,2),(2885,29,511,3),(2412,29,531,3),(2309,29,540,1),(2619,29,545,4),(2614,29,610,4),(2755,29,614,1),(1255,30,9,2),(131,30,9,4),(1910,30,11,4),(69,30,16,4),(1620,30,26,1),(1525,30,29,3),(92,30,30,3),(541,30,34,4),(1484,30,39,2),(164,30,40,3),(1154,30,41,2),(1826,30,42,3),(922,30,45,1),(468,30,45,4),(276,30,49,4),(1200,30,50,2),(1103,30,50,3),(1727,30,53,3),(1221,30,54,1),(989,30,54,3),(432,30,57,1),(855,30,58,4),(1758,30,64,1),(651,30,65,3),(1897,30,66,2),(722,30,67,4),(1206,30,68,3),(754,30,68,4),(1570,30,69,3),(1936,30,70,1),(950,30,70,4),(1956,30,71,3),(56,30,74,4),(567,30,77,3),(857,30,79,4),(1451,30,80,3),(844,30,81,3),(445,30,83,2),(841,30,90,4),(235,30,92,1),(119,30,95,4),(1746,30,98,3),(1289,30,99,3),(2523,30,279,4),(2706,30,290,1),(2616,30,294,1),(2606,30,302,2),(2079,30,316,1),(2415,30,344,3),(2959,30,346,4),(2896,30,348,2),(2155,30,357,1),(2469,30,415,3),(2984,30,419,2),(2208,30,476,3),(2248,30,487,2),(2187,30,551,2),(2032,30,553,3),(2217,30,578,3),(2760,30,593,3),(2801,30,609,3),(2350,30,698,4),(1536,31,1,1),(380,31,7,4),(851,31,13,1),(1209,31,14,4),(1046,31,16,1),(1618,31,17,2),(1394,31,18,1),(1257,31,23,1),(781,31,24,1),(1365,31,25,2),(245,31,33,1),(1628,31,34,4),(1783,31,35,1),(1057,31,38,2),(272,31,39,2),(385,31,43,1),(1683,31,48,4),(1951,31,49,4),(665,31,52,2),(891,31,52,3),(1224,31,56,2),(157,31,58,3),(648,31,74,2),(1124,31,75,2),(890,31,76,3),(1916,31,77,1),(1976,31,79,1),(1859,31,79,4),(927,31,81,4),(210,31,82,4),(1131,31,83,2),(1504,31,83,3),(1440,31,86,1),(108,31,87,4),(802,31,88,1),(368,31,89,1),(400,31,92,1),(1854,31,93,1),(1119,31,94,1),(1556,31,94,4),(1792,31,96,3),(2805,31,213,4),(2118,31,230,3),(2599,31,285,3),(2128,31,289,4),(2694,31,317,3),(2745,31,350,4),(2921,31,352,4),(2330,31,379,4),(2029,31,387,1),(2400,31,448,3),(2804,31,455,1),(2621,31,460,1),(2219,31,475,2),(2986,31,486,1),(2084,31,509,4),(2663,31,511,1),(2780,31,512,4),(2547,31,606,3),(2220,31,623,1),(2392,31,636,1),(29,32,1,1),(1077,32,5,4),(1247,32,9,3),(1585,32,11,2),(1872,32,11,3),(23,32,18,3),(366,32,19,1),(1443,32,21,1),(543,32,28,2),(904,32,28,3),(416,32,30,3),(201,32,34,3),(1253,32,34,4),(1293,32,36,3),(1211,32,39,1),(512,32,44,4),(1071,32,45,2),(161,32,51,1),(18,32,52,1),(742,32,53,4),(1233,32,54,2),(1453,32,58,3),(431,32,65,2),(129,32,68,3),(1622,32,69,1),(1672,32,72,4),(414,32,80,2),(703,32,81,4),(957,32,82,2),(72,32,82,3),(1808,32,86,1),(1710,32,86,4),(1329,32,88,4),(1413,32,92,1),(300,32,93,3),(805,32,99,1),(2869,32,239,3),(2928,32,252,3),(2284,32,303,3),(2098,32,307,2),(2692,32,316,3),(2180,32,353,1),(2794,32,369,2),(2046,32,405,2),(2604,32,436,3),(2293,32,449,3),(2173,32,452,3),(2610,32,474,4),(2388,32,504,3),(2021,32,541,1),(2908,32,542,4),(2681,32,557,1),(2377,32,584,3),(2710,32,606,2),(2702,32,631,3),(2715,32,635,3),(2782,32,640,3),(2152,32,687,1),(2387,32,691,4),(2522,32,696,3),(1078,33,2,1),(1412,33,8,2),(1599,33,10,3),(237,33,12,4),(418,33,17,4),(522,33,23,3),(836,33,24,1),(595,33,24,2),(954,33,27,4),(717,33,28,2),(222,33,33,1),(589,33,43,2),(1776,33,45,3),(721,33,46,3),(1942,33,47,4),(1261,33,49,1),(186,33,51,4),(596,33,58,4),(128,33,61,3),(979,33,63,4),(839,33,66,2),(789,33,66,3),(1879,33,67,2),(295,33,68,2),(669,33,70,2),(196,33,71,4),(1285,33,72,4),(170,33,74,3),(377,33,75,1),(1705,33,76,3),(1094,33,78,4),(1474,33,79,3),(853,33,80,1),(1652,33,81,2),(1004,33,82,1),(1408,33,86,3),(1234,33,87,4),(233,33,95,4),(2581,33,222,3),(2790,33,233,2),(2665,33,268,2),(2836,33,273,3),(2561,33,309,1),(2228,33,311,1),(2757,33,388,3),(2162,33,419,2),(2176,33,448,2),(2457,33,469,1),(2406,33,506,2),(2907,33,559,3),(2644,33,588,2),(2402,33,604,4),(2909,33,606,3),(2559,33,633,1),(2770,33,638,1),(2358,33,646,4),(2569,33,650,2),(588,34,11,1),(592,34,14,1),(524,34,15,2),(1034,34,22,1),(57,34,25,1),(748,34,26,3),(532,34,26,4),(1343,34,28,3),(1544,34,34,4),(687,34,36,2),(987,34,39,1),(1383,34,47,2),(1740,34,51,1),(1687,34,52,2),(707,34,52,4),(242,34,53,2),(475,34,62,3),(952,34,62,4),(554,34,67,3),(732,34,68,3),(1813,34,70,1),(1002,34,72,2),(872,34,72,4),(1743,34,74,2),(140,34,75,2),(1909,34,85,4),(1031,34,89,3),(1882,34,90,2),(448,34,94,2),(1126,34,97,2),(932,34,100,3),(2430,34,201,3),(2965,34,231,4),(2788,34,265,2),(2327,34,292,1),(2463,34,320,3),(2992,34,325,3),(2498,34,435,4),(2090,34,458,3),(2598,34,458,4),(2342,34,468,3),(2870,34,507,1),(2859,34,532,3),(2961,34,542,4),(2739,34,573,1),(2114,34,581,4),(2273,34,600,4),(2242,34,610,4),(2897,34,618,3),(2735,34,640,1),(2833,34,645,1),(2771,34,670,2),(2917,34,680,2),(606,35,1,2),(1009,35,1,3),(1699,35,4,1),(870,35,6,2),(1429,35,10,3),(43,35,15,3),(1428,35,20,2),(443,35,22,2),(383,35,24,4),(1514,35,26,1),(810,35,27,1),(1083,35,39,1),(125,35,39,2),(1271,35,40,2),(1049,35,51,2),(911,35,52,1),(143,35,52,3),(347,35,52,4),(756,35,53,1),(887,35,53,3),(1194,35,54,4),(923,35,57,4),(572,35,61,4),(1389,35,62,4),(376,35,63,4),(1205,35,70,2),(652,35,71,1),(1577,35,74,4),(171,35,81,1),(319,35,81,2),(1677,35,82,2),(1007,35,84,1),(873,35,84,3),(229,35,86,3),(963,35,86,4),(85,35,87,3),(639,35,90,4),(1010,35,91,4),(329,35,94,1),(338,35,96,1),(894,35,96,4),(1494,35,97,1),(430,35,99,1),(2868,35,229,3),(2690,35,350,1),(2123,35,376,1),(2504,35,413,3),(2886,35,433,1),(2947,35,451,4),(2918,35,503,1),(2584,35,574,3),(2545,35,594,1),(2192,35,646,3),(2754,35,656,3),(2460,35,683,4),(2798,35,692,3),(386,36,1,3),(178,36,7,1),(1729,36,7,2),(1948,36,8,1),(1421,36,13,2),(1175,36,21,2),(1006,36,25,1),(935,36,36,2),(202,36,38,1),(1404,36,42,1),(1204,36,44,4),(535,36,47,2),(1624,36,47,4),(1286,36,50,2),(772,36,53,1),(658,36,58,1),(51,36,60,3),(826,36,63,1),(1637,36,65,3),(48,36,69,1),(1201,36,71,3),(1817,36,78,3),(683,36,80,1),(1608,36,80,2),(550,36,81,2),(1785,36,81,3),(3,36,83,1),(848,36,90,1),(1139,36,90,2),(1339,36,91,1),(534,36,99,2),(2497,36,234,3),(2671,36,267,1),(2628,36,298,2),(2792,36,326,4),(2863,36,331,3),(2308,36,443,3),(2930,36,455,2),(2588,36,491,1),(2140,36,517,2),(2812,36,519,1),(2380,36,580,2),(2759,36,581,2),(2259,36,647,4),(2058,36,658,1),(2509,36,665,4),(404,37,1,2),(452,37,3,2),(1597,37,4,4),(1085,37,6,4),(1435,37,7,3),(617,37,9,2),(563,37,18,1),(709,37,18,2),(1726,37,19,2),(405,37,19,4),(123,37,22,3),(1423,37,25,2),(776,37,28,4),(1051,37,36,2),(1777,37,39,4),(1081,37,43,2),(1276,37,46,2),(988,37,48,4),(1226,37,52,3),(981,37,53,3),(1013,37,54,2),(381,37,55,1),(1825,37,59,3),(859,37,60,1),(1815,37,63,3),(1296,37,66,2),(115,37,70,1),(409,37,76,2),(1880,37,80,3),(1857,37,88,1),(562,37,89,1),(1893,37,89,3),(181,37,89,4),(1870,37,91,4),(204,37,92,4),(283,37,97,3),(943,37,98,4),(1502,37,100,2),(2349,37,241,3),(2408,37,263,4),(2775,37,326,4),(2993,37,356,1),(2512,37,390,2),(2280,37,465,1),(2060,37,473,4),(2143,37,501,2),(2072,37,522,2),(2867,37,556,3),(2048,37,582,4),(2009,37,591,4),(2518,37,601,1),(2711,37,602,4),(2904,37,610,2),(2077,37,619,3),(2700,37,621,3),(2166,37,624,2),(2040,37,626,2),(2786,37,636,4),(2966,37,645,3),(735,38,8,1),(786,38,8,2),(966,38,10,2),(1640,38,10,4),(1550,38,13,4),(1769,38,14,1),(1839,38,16,2),(1347,38,16,3),(1419,38,23,3),(351,38,25,3),(1378,38,26,2),(326,38,26,3),(1125,38,27,3),(600,38,31,2),(1565,38,34,4),(719,38,36,1),(354,38,38,1),(1073,38,39,3),(1527,38,41,4),(1703,38,42,3),(1281,38,43,4),(913,38,49,2),(1901,38,61,3),(1464,38,63,2),(1678,38,67,2),(1589,38,71,3),(1889,38,75,4),(28,38,78,1),(423,38,85,4),(514,38,88,3),(1741,38,93,4),(342,38,96,3),(1784,38,100,2),(2411,38,201,3),(2490,38,212,2),(2194,38,316,4),(2425,38,387,1),(2853,38,392,1),(2190,38,404,3),(2352,38,418,3),(2737,38,440,1),(2502,38,464,3),(2573,38,465,3),(2626,38,482,4),(2566,38,483,1),(2294,38,500,3),(2970,38,524,3),(2728,38,566,4),(2182,38,586,4),(2271,38,597,4),(2115,38,614,4),(2381,38,700,4),(78,39,4,2),(801,39,5,4),(888,39,14,2),(1501,39,18,1),(1267,39,18,4),(1362,39,23,2),(2,39,26,1),(577,39,29,2),(231,39,30,2),(301,39,31,2),(8,39,33,3),(369,39,39,3),(587,39,41,4),(1653,39,44,1),(1462,39,44,2),(75,39,45,2),(747,39,46,2),(846,39,48,3),(1558,39,55,2),(838,39,63,4),(307,39,65,1),(398,39,66,2),(1709,39,67,4),(193,39,72,1),(885,39,75,2),(1713,39,78,3),(1985,39,80,1),(614,39,81,1),(1270,39,81,2),(1587,39,81,4),(182,39,82,1),(1969,39,82,2),(1244,39,83,2),(1141,39,85,1),(144,39,86,4),(167,39,87,4),(1591,39,89,3),(1810,39,92,1),(183,39,93,3),(921,39,99,4),(2746,39,202,4),(2120,39,227,2),(2439,39,230,4),(2042,39,260,3),(2529,39,261,1),(2067,39,279,1),(2146,39,311,4),(2236,39,320,2),(2269,39,330,1),(2481,39,358,4),(2353,39,366,1),(2477,39,366,4),(2337,39,368,4),(2687,39,374,1),(2555,39,390,1),(2117,39,416,2),(2953,39,419,2),(2263,39,439,2),(2971,39,444,2),(2003,39,480,3),(2537,39,487,2),(2027,39,515,3),(2879,39,533,3),(2016,39,549,3),(2033,39,550,1),(2052,39,589,4),(2623,39,591,4),(2357,39,603,1),(2941,39,625,3),(2565,39,658,3),(2175,39,689,2),(243,40,3,3),(1225,40,5,3),(1656,40,6,1),(1728,40,7,4),(1162,40,11,3),(1287,40,13,3),(177,40,19,3),(1326,40,23,1),(1607,40,23,3),(1796,40,27,1),(815,40,27,4),(629,40,28,1),(1952,40,30,1),(593,40,32,1),(1088,40,34,4),(442,40,37,3),(1977,40,38,4),(336,40,40,2),(591,40,49,1),(1353,40,49,3),(1359,40,54,3),(775,40,55,3),(1856,40,63,2),(1055,40,64,1),(1767,40,64,4),(1466,40,66,1),(654,40,71,2),(282,40,72,1),(1638,40,72,2),(576,40,73,3),(1061,40,75,3),(1264,40,78,1),(1616,40,80,2),(701,40,89,2),(778,40,95,3),(1782,40,95,4),(774,40,97,1),(1207,40,97,4),(1786,40,100,2),(2465,40,237,4),(2975,40,256,3),(2842,40,264,1),(2593,40,269,4),(2645,40,294,1),(2025,40,302,3),(2321,40,327,4),(2844,40,331,1),(2106,40,355,2),(2999,40,366,3),(2086,40,396,2),(2340,40,398,1),(2045,40,464,1),(2267,40,526,2),(2119,40,564,4),(2203,40,631,3),(2296,40,635,3),(2740,40,653,4),(2655,40,698,2),(1987,41,10,3),(816,41,10,4),(1689,41,13,2),(1022,41,14,1),(1116,41,15,4),(1149,41,16,4),(718,41,22,2),(698,41,23,4),(289,41,25,2),(1236,41,25,4),(1584,41,26,1),(1263,41,26,3),(516,41,27,4),(324,41,34,2),(1128,41,41,2),(1899,41,43,2),(1860,41,44,3),(611,41,50,3),(454,41,52,3),(337,41,53,4),(1736,41,55,2),(1771,41,57,2),(1848,41,58,1),(240,41,60,4),(49,41,61,1),(1528,41,65,4),(331,41,68,1),(1418,41,69,1),(262,41,69,3),(594,41,71,1),(358,41,71,4),(641,41,72,1),(1230,41,73,3),(680,41,73,4),(731,41,79,4),(947,41,80,2),(568,41,85,2),(488,41,93,3),(1095,41,93,4),(389,41,95,2),(1522,41,98,2),(583,41,98,3),(699,41,98,4),(768,41,99,2),(2835,41,204,2),(2969,41,211,2),(2015,41,256,1),(2773,41,342,2),(2575,41,349,4),(2935,41,355,3),(2717,41,403,1),(2475,41,418,3),(2531,41,424,4),(2860,41,446,4),(2785,41,463,2),(2683,41,496,2),(2112,41,538,2),(2281,41,548,4),(2765,41,558,3),(2407,41,634,2),(2373,41,692,4),(1220,42,2,3),(1096,42,3,1),(970,42,5,2),(1760,42,5,3),(39,42,14,4),(1463,42,15,4),(1160,42,16,1),(1571,42,17,1),(968,42,20,4),(992,42,23,1),(598,42,25,1),(232,42,30,1),(918,42,32,4),(466,42,35,2),(1847,42,35,4),(1349,42,37,2),(191,42,38,4),(1946,42,39,4),(1568,42,42,4),(977,42,44,2),(370,42,46,2),(1112,42,50,3),(299,42,55,4),(1,42,56,1),(214,42,56,4),(1191,42,59,3),(1076,42,59,4),(421,42,62,3),(866,42,63,3),(973,42,64,2),(174,42,72,4),(334,42,74,1),(915,42,74,3),(424,42,78,3),(100,42,81,3),(82,42,83,2),(1791,42,85,1),(1390,42,85,4),(1029,42,89,3),(881,42,90,2),(1120,42,92,1),(526,42,93,1),(1499,42,99,4),(1799,42,100,1),(2587,42,248,1),(2144,42,280,2),(2344,42,284,4),(2680,42,316,4),(2127,42,327,2),(2763,42,378,1),(2693,42,408,2),(2449,42,418,4),(2359,42,434,3),(2385,42,535,4),(2736,42,543,3),(2919,42,550,3),(2453,42,556,3),(2981,42,560,2),(2362,42,566,1),(2489,42,572,2),(2394,42,573,4),(2159,42,576,3),(2832,42,580,2),(2290,42,593,4),(2856,42,618,2),(2506,42,643,1),(2137,42,652,4),(2653,42,655,1),(2069,42,682,2),(1172,43,4,1),(327,43,9,3),(556,43,11,4),(1229,43,14,2),(315,43,21,1),(1829,43,22,3),(112,43,24,4),(1239,43,29,2),(1403,43,30,2),(1682,43,33,2),(1822,43,34,2),(449,43,35,4),(1169,43,39,2),(14,43,41,2),(1941,43,41,3),(1950,43,42,4),(455,43,46,3),(215,43,49,1),(662,43,52,4),(464,43,58,4),(761,43,60,3),(1509,43,61,2),(408,43,63,1),(273,43,68,2),(1698,43,68,4),(1739,43,72,4),(974,43,73,3),(1744,43,76,2),(1722,43,79,2),(840,43,81,4),(1604,43,84,3),(1906,43,87,1),(1398,43,87,4),(697,43,94,4),(1364,43,96,3),(1609,43,96,4),(192,43,99,3),(2533,43,209,4),(2530,43,224,4),(2403,43,233,2),(2991,43,257,3),(2074,43,276,3),(2962,43,291,2),(2670,43,302,4),(2444,43,318,4),(2051,43,335,3),(2101,43,379,2),(2814,43,388,1),(2926,43,430,1),(2738,43,451,2),(2454,43,493,1),(2963,43,518,1),(2235,43,528,2),(2126,43,534,2),(2492,43,540,3),(2594,43,545,1),(2568,43,547,3),(2199,43,558,2),(2431,43,584,1),(2148,43,678,3),(2218,43,693,3),(1517,44,2,2),(1507,44,3,3),(1483,44,8,2),(62,44,13,4),(1399,44,16,3),(653,44,16,4),(1420,44,19,4),(373,44,24,3),(510,44,26,3),(1837,44,28,1),(893,44,29,3),(1402,44,30,3),(766,44,33,2),(1040,44,35,1),(1738,44,40,1),(103,44,40,3),(497,44,45,2),(671,44,46,1),(1075,44,47,3),(638,44,48,1),(378,44,48,3),(505,44,48,4),(93,44,49,1),(1902,44,51,3),(1582,44,59,1),(971,44,60,4),(682,44,65,3),(450,44,69,1),(604,44,69,2),(453,44,69,4),(40,44,70,4),(1254,44,82,2),(1305,44,84,4),(151,44,89,3),(1098,44,90,1),(1663,44,90,2),(783,44,91,3),(419,44,93,2),(1361,44,93,4),(1757,44,94,3),(1781,44,98,3),(1596,44,99,2),(1809,44,99,3),(2541,44,244,2),(2212,44,245,2),(2441,44,271,3),(2265,44,290,1),(2609,44,291,3),(2705,44,309,2),(2070,44,318,2),(2476,44,324,2),(2889,44,328,2),(2956,44,337,1),(2824,44,375,1),(2156,44,385,4),(2485,44,419,1),(2570,44,441,3),(2779,44,496,3),(2658,44,529,1),(2750,44,626,3),(2474,44,627,3),(2409,44,636,2),(2819,44,648,3),(2270,44,692,3),(2927,44,694,3),(559,45,2,4),(1974,45,3,2),(917,45,7,3),(1167,45,8,2),(1755,45,13,2),(149,45,15,1),(1742,45,17,3),(581,45,20,2),(825,45,21,4),(1452,45,22,3),(1873,45,26,2),(760,45,29,4),(1926,45,30,2),(390,45,31,3),(1127,45,32,1),(1535,45,34,1),(1766,45,35,2),(745,45,35,3),(480,45,40,1),(1422,45,42,1),(206,45,42,3),(1079,45,42,4),(796,45,43,4),(1772,45,45,3),(134,45,47,1),(564,45,48,4),(481,45,51,1),(27,45,51,3),(1840,45,58,1),(797,45,63,2),(1391,45,65,1),(1181,45,65,2),(1491,45,68,1),(1099,45,78,4),(1178,45,80,3),(1898,45,81,4),(1193,45,83,2),(1333,45,84,1),(1385,45,86,4),(1554,45,88,1),(1510,45,89,1),(1858,45,93,1),(934,45,94,2),(1789,45,94,3),(733,45,95,4),(107,45,97,4),(1955,45,98,2),(2142,45,228,1),(2954,45,232,2),(2132,45,329,4),(2031,45,339,4),(2877,45,346,2),(2312,45,377,3),(2551,45,385,1),(2712,45,468,1),(2707,45,505,3),(2972,45,537,4),(2209,45,547,4),(2164,45,656,3),(2153,45,699,4),(1026,46,4,2),(1998,46,6,1),(527,46,7,4),(879,46,10,2),(1327,46,14,4),(367,46,21,1),(1242,46,23,4),(1210,46,26,2),(357,46,27,4),(1174,46,34,2),(241,46,40,2),(1673,46,54,2),(1762,46,55,3),(544,46,61,2),(785,46,68,3),(965,46,73,1),(426,46,74,4),(767,46,76,4),(298,46,77,2),(1432,46,78,2),(1330,46,80,1),(625,46,83,2),(1806,46,86,4),(1093,46,89,3),(818,46,90,3),(118,46,96,3),(1863,46,97,4),(2262,46,237,2),(2960,46,258,3),(2253,46,267,4),(2313,46,297,3),(2496,46,297,4),(2862,46,319,1),(2865,46,332,1),(2988,46,345,4),(2741,46,392,3),(2651,46,411,1),(2390,46,441,3),(2546,46,449,4),(2810,46,455,3),(2071,46,455,4),(2538,46,469,1),(2376,46,535,3),(2078,46,541,2),(2131,46,569,1),(2341,46,584,3),(2895,46,602,4),(2753,46,659,4),(2733,46,663,1),(2913,46,684,3),(521,47,1,1),(1039,47,4,3),(1114,47,5,2),(647,47,11,4),(1392,47,18,2),(84,47,20,3),(1337,47,21,1),(147,47,21,4),(1166,47,23,3),(580,47,29,3),(440,47,31,2),(1519,47,34,2),(1436,47,34,3),(1523,47,39,2),(1005,47,39,3),(493,47,39,4),(803,47,43,2),(1014,47,44,3),(1380,47,49,1),(97,47,49,4),(1885,47,50,2),(1552,47,51,1),(779,47,58,3),(122,47,60,4),(1793,47,61,2),(130,47,64,2),(1246,47,64,3),(506,47,64,4),(71,47,67,3),(1883,47,67,4),(1545,47,71,2),(628,47,74,2),(1979,47,80,3),(1008,47,83,3),(388,47,84,4),(1681,47,88,1),(435,47,89,1),(956,47,91,3),(58,47,92,1),(1238,47,100,2),(1690,47,100,3),(2764,47,283,3),(2243,47,288,1),(2195,47,318,1),(2089,47,319,4),(2552,47,344,2),(2322,47,344,4),(2473,47,351,2),(2004,47,395,2),(2272,47,424,2),(2057,47,441,2),(2370,47,466,2),(2811,47,485,1),(2752,47,499,4),(2722,47,555,3),(2384,47,558,3),(2389,47,592,4),(2783,47,608,2),(2613,47,608,3),(2550,47,671,2),(605,48,9,2),(1219,48,10,2),(1332,48,14,3),(644,48,29,1),(1019,48,29,3),(1506,48,33,1),(1376,48,34,2),(407,48,35,1),(1613,48,38,2),(1541,48,40,3),(1635,48,44,1),(740,48,52,3),(876,48,57,1),(436,48,58,4),(309,48,59,1),(1602,48,61,3),(41,48,64,4),(1375,48,65,2),(525,48,68,2),(1811,48,71,4),(1612,48,72,4),(590,48,74,4),(188,48,81,2),(906,48,86,4),(98,48,98,4),(2576,48,212,2),(2107,48,213,3),(2743,48,251,4),(2135,48,272,2),(2673,48,279,4),(2396,48,287,2),(2987,48,327,4),(2701,48,331,2),(2558,48,358,2),(2319,48,372,1),(2525,48,408,3),(2560,48,428,4),(2302,48,452,2),(2055,48,496,2),(2647,48,500,3),(2831,48,514,1),(2231,48,514,3),(2343,48,586,1),(2012,48,594,2),(2186,48,621,2),(2103,48,630,3),(2796,48,637,4),(2237,48,673,1),(2689,48,690,2),(2607,48,692,2),(2624,48,697,4),(297,49,4,4),(1537,49,15,1),(744,49,15,3),(1197,49,16,2),(1864,49,18,3),(73,49,23,1),(1044,49,27,4),(1301,49,28,2),(945,49,30,1),(1928,49,31,1),(403,49,33,3),(1788,49,36,4),(392,49,47,3),(401,49,47,4),(355,49,48,3),(1644,49,49,2),(546,49,52,3),(462,49,58,2),(1321,49,58,4),(330,49,59,4),(1320,49,60,2),(895,49,62,1),(1082,49,62,2),(362,49,64,1),(995,49,67,4),(985,49,71,3),(856,49,72,2),(637,49,79,3),(1903,49,83,1),(1754,49,84,1),(1905,49,87,2),(19,49,89,2),(473,49,94,3),(471,49,97,1),(1060,49,97,2),(1042,49,97,3),(1919,49,99,4),(2898,49,207,1),(2230,49,224,1),(2884,49,266,2),(2520,49,306,2),(2592,49,308,4),(2138,49,314,1),(2840,49,351,1),(2914,49,357,4),(2338,49,359,1),(2367,49,440,4),(2864,49,455,2),(2625,49,502,2),(2696,49,518,2),(2382,49,548,2),(2883,49,579,1),(2232,49,590,2),(2082,49,606,2),(2185,49,617,4),(2591,49,637,1),(2815,49,642,3),(2447,49,659,2),(1415,50,2,2),(1846,50,2,4),(394,50,4,2),(1035,50,7,3),(862,50,14,2),(678,50,14,4),(1265,50,26,1),(704,50,26,3),(909,50,35,4),(1025,50,42,2),(44,50,43,2),(274,50,45,1),(1611,50,47,1),(822,50,50,2),(224,50,52,1),(255,50,53,1),(1070,50,53,3),(579,50,55,4),(1092,50,56,2),(1747,50,56,4),(627,50,58,2),(1475,50,59,2),(741,50,63,3),(55,50,64,2),(1309,50,65,1),(1938,50,65,2),(1670,50,67,1),(1054,50,68,2),(685,50,68,4),(883,50,79,3),(1907,50,79,4),(645,50,87,3),(1137,50,87,4),(1592,50,94,2),(54,50,99,3),(2383,50,242,1),(2177,50,292,3),(2181,50,306,1),(2348,50,329,1),(2948,50,333,4),(2838,50,347,3),(2513,50,377,1),(2855,50,405,1),(2719,50,423,3),(2934,50,424,4),(2943,50,437,2),(2151,50,446,3),(2252,50,485,2),(2484,50,540,4),(2729,50,552,3),(2196,50,552,4),(2041,50,564,2),(2726,50,584,4);
/*!40000 ALTER TABLE `permisos_ubicaciones` ENABLE KEYS */;
UNLOCK TABLES;

--
-- Table structure for table `ubicaciones`
--

DROP TABLE IF EXISTS `ubicaciones`;
/*!40101 SET @saved_cs_client     = @@character_set_client */;
 SET character_set_client = utf8mb4 ;
CREATE TABLE `ubicaciones` (
  `id` int(11) NOT NULL AUTO_INCREMENT,
  `nombre` varchar(250) NOT NULL,
  `edificio` varchar(250) NOT NULL,
  `planta` varchar(250) NOT NULL,
  `puesto` varchar(250) NOT NULL,
  PRIMARY KEY (`id`)
) ENGINE=InnoDB AUTO_INCREMENT=51 DEFAULT CHARSET=utf8mb4 COLLATE=utf8mb4_0900_ai_ci;
/*!40101 SET character_set_client = @saved_cs_client */;

--
-- Dumping data for table `ubicaciones`
--

LOCK TABLES `ubicaciones` WRITE;
/*!40000 ALTER TABLE `ubicaciones` DISABLE KEYS */;
INSERT INTO `ubicaciones` VALUES (1,'Springs 1','Medley LLC','2','80'),(2,'Crowley 2','Social Reality, Inc.','4','29'),(3,'Stuart 3','Manchester United Ltd.','1','28'),(4,'Derek 4','Gladstone Commercial Corporation','3','50'),(5,'Almo 5','Wendy\'s Company (The)','5','64'),(6,'Mandrake 6','PhotoMedex, Inc.','1','21'),(7,'Kensington 7','CBOE Holdings, Inc.','5','88'),(8,'Hollow Ridge 8','Blackrock Enhanced Government Fund, Inc','2','51'),(9,'Dexter 9','Forrester Research, Inc.','3','23'),(10,'Westport 10','Sequans Communications S.A.','2','60'),(11,'Prentice 11','trivago N.V.','1','19'),(12,'Westport 12','ARRIS International plc','3','30'),(13,'Farragut 13','Quanex Building Products Corporation','4','42'),(14,'Northridge 14','Electrum Special Acquisition Corporation','1','95'),(15,'Barnett 15','Carvana Co.','2','33'),(16,'Schlimgen 16','FlexShares Credit-Scored US Corporate Bond Index Fund','3','84'),(17,'Twin Pines 17','Harmonic Inc.','4','5'),(18,'Ronald Regan 18','Sabra Healthcare REIT, Inc.','5','100'),(19,'8th 19','Cleveland BioLabs, Inc.','2','10'),(20,'Forest 20','Elevate Credit, Inc.','5','65'),(21,'Anniversary 21','Prothena Corporation plc','1','99'),(22,'Larry 22','Brocade Communications Systems, Inc.','3','72'),(23,'Miller 23','Black Hills Corporation','3','47'),(24,'Scofield 24','Origo Acquisition Corporation','4','61'),(25,'Dakota 25','Unisys Corporation','3','92'),(26,'Di Loreto 26','National Fuel Gas Company','5','16'),(27,'Vidon 27','Extreme Networks, Inc.','5','63'),(28,'East 28','American Eagle Outfitters, Inc.','5','62'),(29,'Clyde Gallagher 29','Legg Mason Emerging Markets Diversified Core ETF','4','10'),(30,'Mcguire 30','Savara, Inc.','1','85'),(31,'Mendota 31','Ocean Bio-Chem, Inc.','5','58'),(32,'Oak 32','Genie Energy Ltd.','1','95'),(33,'Eagan 33','Murphy USA Inc.','5','65'),(34,'Everett 34','Watsco, Inc.','1','58'),(35,'Drewry 35','Career Education Corporation','3','62'),(36,'Stephen 36','GP Investments Acquisition Corp.','5','70'),(37,'Arkansas 37','Turkcell Iletisim Hizmetleri AS','3','76'),(38,'Village 38','The Hackett Group, Inc.','2','90'),(39,'Surrey 39','Boston Beer Company, Inc. (The)','5','31'),(40,'Cardinal 40','Prana Biotechnology Ltd','3','96'),(41,'Vahlen 41','Jewett-Cameron Trading Company','2','93'),(42,'4th 42','HTG Molecular Diagnostics, Inc.','4','79'),(43,'Grover 43','Barclays PLC','2','26'),(44,'Michigan 44','Activision Blizzard, Inc','3','73'),(45,'Montana 45','Goldman Sachs Group, Inc. (The)','5','1'),(46,'Moulton 46','Origo Acquisition Corporation','3','32'),(47,'Mesta 47','Avnet, Inc.','1','80'),(48,'Elgar 48','Stewardship Financial Corp','5','86'),(49,'Prentice 49','AU Optronics Corp','2','51'),(50,'Melby 50','C.H. Robinson Worldwide, Inc.','5','49');
/*!40000 ALTER TABLE `ubicaciones` ENABLE KEYS */;
UNLOCK TABLES;

--
-- Table structure for table `usuarios`
--

DROP TABLE IF EXISTS `usuarios`;
/*!40101 SET @saved_cs_client     = @@character_set_client */;
 SET character_set_client = utf8mb4 ;
CREATE TABLE `usuarios` (
  `id` int(11) NOT NULL AUTO_INCREMENT,
  `nombre` varchar(250) NOT NULL,
  `fechaNacimiento` date DEFAULT NULL,
  PRIMARY KEY (`id`)
) ENGINE=InnoDB AUTO_INCREMENT=1001 DEFAULT CHARSET=utf8mb4 COLLATE=utf8mb4_0900_ai_ci;
/*!40101 SET character_set_client = @saved_cs_client */;

--
-- Dumping data for table `usuarios`
--

LOCK TABLES `usuarios` WRITE;
/*!40000 ALTER TABLE `usuarios` DISABLE KEYS */;
INSERT INTO `usuarios` VALUES (1,'Moina Cryer','1974-07-16'),(2,'Melba Petru','1983-11-26'),(3,'Dennison Ankrett','1991-02-24'),(4,'Aila Bleaden','1995-05-21'),(5,'Adrianne Scoggins','1979-05-22'),(6,'Farlee Lukins','1971-06-18'),(7,'Ulrike Maylour','1985-02-14'),(8,'Alleyn Jugging','1977-11-13'),(9,'Lorrie Hawken','1975-02-03'),(10,'Stanton Cadell','1988-08-09'),(11,'Alla Stroband','1980-06-15'),(12,'Rancell Huxton','1975-07-24'),(13,'Rahel Allitt','1994-07-29'),(14,'Hermina Rodenburgh','1990-08-24'),(15,'Marianne Japp','1982-03-07'),(16,'Denise Ducker','1994-10-04'),(17,'Hildagarde Noseworthy','1995-01-24'),(18,'Lynette Puckring','1998-10-14'),(19,'Grissel Renol','1976-09-25'),(20,'Tammi Housego','1984-01-14'),(21,'Adriena Yakovliv','1989-06-08'),(22,'Iver Petrillo','1986-07-11'),(23,'Karleen Bussy','1998-12-02'),(24,'Clyde Rains','1995-08-06'),(25,'Brett Stive','1989-08-01'),(26,'Kristi Priestnall','1991-11-25'),(27,'Euphemia Keilloh','1984-04-07'),(28,'Shane Arkwright','1999-02-14'),(29,'Jo Kitchinghan','1988-12-03'),(30,'Willyt Hitscher','1971-09-15'),(31,'Alys Upcott','1970-10-27'),(32,'Iolanthe Garber','1984-05-27'),(33,'Marjorie Seeman','1991-02-08'),(34,'Norina Rollings','1992-04-20'),(35,'Chane Morgans','1994-02-20'),(36,'Simonne Leven','1988-02-09'),(37,'Sibyl Guess','1970-09-21'),(38,'Petey Jikylls','1974-10-31'),(39,'Lauri Rawcliff','1999-12-23'),(40,'Raff Tarbett','1998-03-30'),(41,'Horacio Fosdyke','1977-10-03'),(42,'Khalil Rawlyns','1984-04-14'),(43,'Lynnea McGraw','1996-10-22'),(44,'Auberta Battershall','1991-09-26'),(45,'Giavani Luckett','1980-01-13'),(46,'Gabbey Dahmke','1974-07-15'),(47,'Ulrikaumeko Lippingwell','1996-10-13'),(48,'Calhoun Tinn','1999-03-08'),(49,'Ingrid Grundle','1975-12-09'),(50,'Raimundo Duchesne','1992-06-14'),(51,'Brigham Kerfoot','1989-10-04'),(52,'Eula Whiteson','1983-12-10'),(53,'Harrietta Ick','1989-03-26'),(54,'Althea Merredy','1981-04-26'),(55,'Conant Gadsdon','1982-10-06'),(56,'Pascal O\'Sirin','1987-08-26'),(57,'Sharon Hunnawill','1971-11-19'),(58,'Norton Sherme','1979-06-21'),(59,'Maurise Lawles','1996-02-24'),(60,'Chancey Kenningham','1988-06-27'),(61,'Tedie Zanassi','1976-10-15'),(62,'Elayne Mallinder','1972-04-24'),(63,'Ava Flintoff','1977-03-11'),(64,'Collette Mallock','1981-01-04'),(65,'Alexandro Spours','1991-11-10'),(66,'Ulrikaumeko Wickie','1984-03-02'),(67,'Ebenezer Krop','1987-06-09'),(68,'Marlie Ferguson','1970-04-17'),(69,'Inglebert Garnsworth','1990-10-20'),(70,'Jed Gipp','1999-06-01'),(71,'Cleo Kinnen','1970-06-09'),(72,'Consuelo Nicely','1979-03-22'),(73,'Tracy Blunsom','1997-07-15'),(74,'Pearl Giottini','1979-01-27'),(75,'Collin Gillham','1998-04-08'),(76,'Crawford Adamolli','1993-02-05'),(77,'Ganny Hixley','1991-06-02'),(78,'Tabbie Axup','1976-09-19'),(79,'Inglis Acomb','1973-10-14'),(80,'Birk Caddens','1997-08-26'),(81,'Gabie Proudlove','1974-09-03'),(82,'Alexandrina Figurski','1992-09-12'),(83,'Linnie Stephens','1997-11-14'),(84,'Raleigh Magauran','1971-09-29'),(85,'Conny Aldcorne','1977-04-09'),(86,'Dolly Cullinan','1982-06-10'),(87,'Eolanda Kimbrey','1989-06-28'),(88,'Dallas Lowless','1996-02-05'),(89,'Taryn Patrono','1999-07-16'),(90,'Piper Curle','1988-02-29'),(91,'Karlens Burrass','1990-03-14'),(92,'Wain Belhomme','1985-03-05'),(93,'Newton Basso','1974-09-09'),(94,'Gilles Chapell','1984-05-22'),(95,'Gloriana Giorgioni','1976-09-05'),(96,'Vanya Scrowby','1975-12-16'),(97,'Cyndie Gerson','1983-03-23'),(98,'Donalt Noot','1973-02-07'),(99,'Tod Kiehl','1980-04-27'),(100,'Dael Arminger','1989-01-07'),(101,'Sybilla Needs','1985-03-27'),(102,'Farris Lehrian','1984-02-16'),(103,'Frederick Comport','1997-10-04'),(104,'Faina Sudddard','1971-11-14'),(105,'Cam Merrett','1993-01-25'),(106,'Francisca Stamps','1974-10-24'),(107,'Michaeline Millyard','1993-12-19'),(108,'Bernice Pittock','1990-07-14'),(109,'Carmine Vokes','1985-11-21'),(110,'Neilla Costelow','1976-05-08'),(111,'Sammie Pottell','1986-01-08'),(112,'Mitchel Fillery','1994-08-22'),(113,'Zaneta Calladine','1993-08-16'),(114,'Roch Rushford','1972-05-05'),(115,'Meyer Overell','1985-04-25'),(116,'Tucky Kliemann','1980-11-20'),(117,'Paolina Scranny','1978-06-15'),(118,'Kliment Comelini','1990-03-13'),(119,'Milt Chapple','1970-07-03'),(120,'Jennifer Dever','1982-12-11'),(121,'Pet Pygott','1979-05-31'),(122,'Dyana Ridoutt','1991-02-07'),(123,'Lucille Kach','1996-06-18'),(124,'Jaimie Vasilchenko','1972-06-05'),(125,'Sam Tregunna','1998-06-25'),(126,'Rafi Finlater','1975-03-29'),(127,'Windham Lowres','1982-05-05'),(128,'Conny Gierke','1988-06-21'),(129,'Farra Saldler','1979-08-09'),(130,'Dewain Jockle','1983-01-17'),(131,'Maribel Langmuir','1984-06-17'),(132,'Moe Minigo','1979-03-19'),(133,'Luce Emney','1987-10-13'),(134,'May Buckby','1977-06-13'),(135,'Kathryn McGinly','1985-10-02'),(136,'Emory Howatt','1992-08-19'),(137,'Falkner Eveleigh','1979-08-29'),(138,'Sancho Doore','1995-06-07'),(139,'Paulie Foskin','1996-04-12'),(140,'Maureene Jaquin','1989-01-31'),(141,'Gianna Heball','1986-08-19'),(142,'Bevon Freemantle','1996-05-29'),(143,'Brok Inkle','1983-05-16'),(144,'Lavinie Treswell','1976-12-21'),(145,'Emelyne Bonnaire','1993-01-18'),(146,'Dela Collopy','1990-12-30'),(147,'Mortie Kauble','1973-11-30'),(148,'Bree Cufley','1999-04-11'),(149,'Mary O\'Reagan','1981-10-31'),(150,'Ernesto Duxbury','1981-01-23'),(151,'Vittorio Goggan','1981-01-16'),(152,'Sibylla De Bischop','1987-09-06'),(153,'Raphael Cohalan','1972-10-15'),(154,'Debee Orrell','1987-05-11'),(155,'Tremayne Bartlet','1974-10-17'),(156,'Rodger Hanalan','1986-08-28'),(157,'Giovanna Hagston','1987-05-24'),(158,'Charmaine Skeldon','1987-08-27'),(159,'Flss Penbarthy','1988-08-25'),(160,'Rafe Waller','1986-10-14'),(161,'Waylin Snowball','1978-12-17'),(162,'Omar Sposito','1996-09-23'),(163,'Steffi Parris','1996-09-17'),(164,'Ingeborg Ferrillo','1978-08-17'),(165,'Boote Thornton-Dewhirst','1985-12-25'),(166,'Althea Howcroft','1985-12-07'),(167,'Tybalt Malkinson','1979-06-20'),(168,'Melly Girvan','1997-10-24'),(169,'Rustie Farfoot','1999-02-27'),(170,'Evyn Rodgerson','1980-04-09'),(171,'Grayce Kovnot','1984-11-26'),(172,'Filippa Guildford','1996-09-24'),(173,'Sutherland Jockle','1998-02-27'),(174,'Caty Jeger','1997-07-27'),(175,'Carolan Clarridge','1971-05-21'),(176,'Lurline Revens','1997-07-19'),(177,'Winny Cordeix','1979-06-03'),(178,'Diann Dowyer','1994-03-07'),(179,'Ashli Grigolli','1985-04-12'),(180,'Antoine McGreil','1992-07-18'),(181,'Benji Durman','1998-02-02'),(182,'Merissa Clinning','1974-08-05'),(183,'Riobard Brokenshaw','1980-09-28'),(184,'Hyacinth Lembcke','1987-12-23'),(185,'Mab MacPaik','1984-03-12'),(186,'Bertrando Ullrich','1984-11-04'),(187,'Iago Pesselt','1986-11-07'),(188,'Glyn MacClay','1989-02-03'),(189,'Manon Rannells','1974-01-27'),(190,'Lorianna Penwright','1985-05-01'),(191,'Kissie Calderbank','1999-06-30'),(192,'Nancy Worton','1992-09-02'),(193,'Sibyl Raspin','1975-07-14'),(194,'Rory Bonnar','1983-12-26'),(195,'Cortney Armfield','1997-06-14'),(196,'Allina Orchard','1973-05-06'),(197,'Tiffanie Gebbe','1980-11-11'),(198,'Ronnica Stickley','1988-12-02'),(199,'Melvin Wrenn','1977-12-17'),(200,'Maggy Gambrell','1971-01-14'),(201,'Astrix Sainter','1978-12-24'),(202,'Spencer Dunwoody','1992-12-03'),(203,'Chloris Kaiser','1978-03-20'),(204,'Cherice Casillas','1972-11-28'),(205,'Rhonda Philippe','1996-12-14'),(206,'Christen Overland','1992-09-24'),(207,'Lanny Bramwich','1989-10-28'),(208,'Haily Berggren','1976-11-02'),(209,'Thorsten Danielot','1977-07-17'),(210,'Barnebas Willas','1979-10-09'),(211,'Gaspar Lambart','1974-08-09'),(212,'Genny Leach','1996-04-11'),(213,'Nobe Dursley','1981-08-09'),(214,'Delcina Dayce','1975-04-23'),(215,'Edy Goby','1982-09-22'),(216,'Ardeen Shapcote','1988-05-12'),(217,'Isador Folomkin','1988-06-19'),(218,'Geno Cramp','1979-05-27'),(219,'Cornelia Getcliff','1996-05-21'),(220,'Joshuah Riseborough','1993-10-07'),(221,'Corly Feather','1987-03-13'),(222,'Lola Joney','1984-07-31'),(223,'Leola Wallworke','1989-01-27'),(224,'Ynes Sandwick','1979-01-30'),(225,'Marietta Murton','1972-08-24'),(226,'Bendicty Aicheson','1987-02-20'),(227,'Cinnamon Saville','1983-08-28'),(228,'Kassey Margetts','1990-01-27'),(229,'Shaylyn Vizor','1981-06-20'),(230,'Barbie Ramsdell','1978-09-21'),(231,'Claudell Jamison','1970-08-08'),(232,'Lucita Krimmer','1976-05-20'),(233,'Bethany Mandifield','1974-06-24'),(234,'Petunia Bengal','1976-03-01'),(235,'Lynea Lummasana','1974-09-29'),(236,'Carolee Izaks','1980-03-23'),(237,'Audrie Booy','1983-09-29'),(238,'Forster Gallandre','1977-09-22'),(239,'Josee Kilbride','1980-06-14'),(240,'Burg Reason','1978-04-19'),(241,'Glen Hagyard','1997-03-28'),(242,'Izaak Brothers','1997-03-23'),(243,'Anthe Abela','1975-04-02'),(244,'Godwin Uzielli','1993-03-01'),(245,'Gratia Coddrington','1977-10-22'),(246,'Patrizio Doncom','1982-08-24'),(247,'Kathie Mackrell','1994-03-30'),(248,'Olympia Girardoni','1999-11-08'),(249,'Bren Herries','1995-01-14'),(250,'Myca Duker','1994-05-23'),(251,'Llywellyn Cranidge','1996-03-29'),(252,'Artemus Godmer','1992-05-25'),(253,'Brice Knevit','1993-10-14'),(254,'Creight Myderscough','1977-02-26'),(255,'Domenico McCarly','1996-04-04'),(256,'Genna Dowle','1970-08-19'),(257,'Hayley Jirsa','1994-08-16'),(258,'Rufe Slaughter','1999-01-11'),(259,'Elka Vlasenkov','1987-09-02'),(260,'Hazel Loudiane','1981-05-28'),(261,'Blondy Voice','1973-09-22'),(262,'Davy Batterson','1995-10-09'),(263,'Rodge MacGuffie','1989-06-21'),(264,'Buffy Kyffin','1971-05-10'),(265,'Jocelin Boud','1974-10-26'),(266,'Ravid Wigley','1991-11-27'),(267,'Cornelius Alker','1970-08-25'),(268,'Max Killingbeck','1993-03-16'),(269,'Fremont Ellard','1988-06-24'),(270,'Karlene Marklow','1976-10-21'),(271,'Burgess Holde','1986-09-10'),(272,'Shelbi Paullin','1971-02-27'),(273,'Ginger O\'Hagerty','1985-04-14'),(274,'Samaria Gallaher','1978-12-26'),(275,'Bianka Shelley','1996-06-25'),(276,'Gabriellia Dulwitch','1994-03-18'),(277,'Karlens Hocking','1977-07-13'),(278,'Cecil Byron','1990-01-29'),(279,'Laughton Fritter','1998-10-15'),(280,'Jolee Northbridge','1975-05-20'),(281,'Rene Alten','1976-05-12'),(282,'Irita Chieze','1993-01-24'),(283,'Kimble Gunny','1996-01-06'),(284,'Lowe Calliss','1977-04-08'),(285,'Bertram Tregona','1994-11-10'),(286,'Berti Rimmington','1994-12-12'),(287,'Cordey Yoakley','1986-03-26'),(288,'Waylan Trainer','1986-01-05'),(289,'Elsey Kempe','1999-11-15'),(290,'Dennet Ripley','1971-02-15'),(291,'Samuel Edsell','1994-12-16'),(292,'Faydra Stoaks','1995-08-03'),(293,'Chrissie Thomtson','1988-05-24'),(294,'Ludovico Markos','1992-03-21'),(295,'Fred McIlmurray','1997-03-29'),(296,'Aleda Casbourne','1991-08-19'),(297,'Augusta Synnott','1983-03-19'),(298,'Lexie Sonner','1987-09-02'),(299,'Erich Hoodlass','1976-10-29'),(300,'Tanya Hounsom','1995-01-16'),(301,'Chicky Birnie','1995-04-08'),(302,'Nikolaos Blowick','1983-10-13'),(303,'Phelia Duffell','1971-04-10'),(304,'Amandy Strowlger','1984-05-18'),(305,'Prisca Poulgreen','1990-08-20'),(306,'Tessi Collymore','1980-07-02'),(307,'Harmony Jira','1971-07-29'),(308,'Caesar MacCambridge','1980-12-18'),(309,'Angelia Drescher','1997-02-15'),(310,'Orelee Hardisty','1975-01-11'),(311,'Beatriz Bushill','1971-10-13'),(312,'Irvin Ranshaw','1994-12-12'),(313,'Kylie Whitford','1984-03-06'),(314,'Merl Barbrook','1999-11-20'),(315,'Nicolina Bouchard','1993-04-01'),(316,'Kayla Hasloch','1982-11-30'),(317,'Maddi Chataignier','1978-02-09'),(318,'Laure Royan','1998-11-10'),(319,'Candide Hufton','1997-03-01'),(320,'Jodi Lux','1999-07-19'),(321,'Ken Augustus','1995-07-22'),(322,'Jordon Seabridge','1978-09-01'),(323,'Aveline Sedwick','1981-06-09'),(324,'Darb Seeds','1996-07-02'),(325,'Rockie Thormwell','1998-02-15'),(326,'Carissa McMichael','1973-12-19'),(327,'Malcolm Caldaro','1988-11-05'),(328,'Krispin Allworthy','1989-08-13'),(329,'Sherwood Colton','1978-05-11'),(330,'Renado Odegaard','1997-09-29'),(331,'Chris Vaen','1994-07-10'),(332,'Alfons Osborn','1971-04-16'),(333,'Reynard Dunkerley','1996-11-01'),(334,'Guy Dalgety','1983-08-29'),(335,'Forster Golbourn','1972-10-09'),(336,'Arnuad Fogg','1989-07-07'),(337,'Harris Franceschielli','1970-12-25'),(338,'Christy Pinxton','1999-02-01'),(339,'Innis Alf','1995-09-20'),(340,'Bertrand MacKain','1995-04-20'),(341,'Willem Attac','1977-01-18'),(342,'Rianon Romeo','1973-10-14'),(343,'Kennith Butchers','1995-11-04'),(344,'Chanda Goor','1998-01-10'),(345,'Shanna Pole','1986-10-08'),(346,'Baudoin Kitcherside','1987-03-07'),(347,'Inness Pettifor','1993-05-06'),(348,'Rollie Hounson','1978-02-02'),(349,'Maxwell Dorn','1977-06-19'),(350,'Eddi Rusbridge','1974-07-12'),(351,'Nicolas Latimer','1999-10-22'),(352,'Tomaso Yearnes','1985-05-17'),(353,'Juliann Best','1974-09-12'),(354,'Rebekah Bentsen','1986-06-30'),(355,'Ferdinanda Triplow','1987-04-16'),(356,'Dalenna Crier','1985-02-02'),(357,'Marylin Espinheira','1976-05-26'),(358,'Garreth Du Plantier','1976-01-30'),(359,'Donny Lacoste','1984-05-26'),(360,'Barny Bernholt','1988-09-18'),(361,'Margy Garrattley','1970-07-10'),(362,'Wheeler McKinley','1971-09-21'),(363,'Kerk Brachell','1973-11-13'),(364,'Cullin Spafford','1985-12-22'),(365,'Delly Blakeway','1981-02-09'),(366,'Deane Kanzler','1994-10-15'),(367,'Silvan Currie','1974-08-06'),(368,'Cecil Mackieson','1991-09-19'),(369,'Myrtia Kubek','1980-06-07'),(370,'Emyle Sinkins','1975-06-15'),(371,'Margarethe Ziebart','1993-10-23'),(372,'Son Akehurst','1977-08-24'),(373,'Dag Gores','1997-08-21'),(374,'Galina Minihane','1992-08-02'),(375,'Tucky Polotti','1982-03-11'),(376,'Wendel Sheehan','1977-10-08'),(377,'Burk Clowney','1989-01-30'),(378,'Morey Itzkin','1992-07-19'),(379,'Barbra Dumsday','1997-07-23'),(380,'Jessika Francescotti','1994-08-23'),(381,'Ethe Hanbidge','1979-04-12'),(382,'Blancha Graysmark','1993-08-14'),(383,'Karlotta Tollerton','1990-07-10'),(384,'Beatrix Gage','1990-08-15'),(385,'Kizzee Crolla','1985-04-18'),(386,'Nikolas Drepp','1993-04-29'),(387,'Eimile Poyle','1993-05-22'),(388,'Barbabas Barns','1979-02-02'),(389,'Myrtice Keal','1996-06-13'),(390,'Roderigo Crombie','1970-06-06'),(391,'Happy Ellingham','1993-07-06'),(392,'Filippa Keeri','1988-05-13'),(393,'Wylma Mitrovic','1992-10-05'),(394,'Layney Dunphie','1998-04-07'),(395,'Josefina Westbury','1997-03-26'),(396,'Ogden Mattack','1996-05-28'),(397,'Jennee Danielli','1992-05-30'),(398,'Dahlia Hall','1987-01-17'),(399,'Corilla Ridolfo','1982-08-28'),(400,'Grantley Powys','1985-03-26'),(401,'Teresita Ault','1985-01-31'),(402,'Selby Millsap','1986-11-19'),(403,'Jermain Goncaves','1981-12-11'),(404,'Nikoletta Havvock','1998-11-07'),(405,'Karalynn Greenwood','1993-12-23'),(406,'Turner Kulic','1994-02-22'),(407,'Joya Western','1988-08-25'),(408,'Waylan Betjes','1979-05-04'),(409,'Griffin Daysh','1979-08-11'),(410,'Darice Duce','1989-12-23'),(411,'Leontyne Wapple','1997-03-24'),(412,'Gretal Lomasney','1982-07-27'),(413,'Nate Flatman','1990-10-19'),(414,'Ian Newarte','1980-10-03'),(415,'Bea McAdam','1973-10-07'),(416,'Luisa Wilce','1986-12-19'),(417,'Tatiania Look','1976-10-19'),(418,'Kiele Ditchfield','1972-07-23'),(419,'Hilly Deegan','1997-09-24'),(420,'Ronny De Giorgi','1976-01-18'),(421,'Codee Lawdham','1976-12-06'),(422,'May Coumbe','1992-02-23'),(423,'Marshall Oldall','1979-10-24'),(424,'Mavis Lanceter','1980-06-22'),(425,'Tymothy Arundale','1989-07-06'),(426,'Adam Antonnikov','1977-12-08'),(427,'Yves Malsher','1975-02-28'),(428,'Shel Leemans','1981-10-25'),(429,'Anthia Philpot','1979-05-31'),(430,'Trumann Koschke','1977-06-16'),(431,'Maren Flobert','1987-11-08'),(432,'Nichole Kiledal','1988-01-26'),(433,'Peyton Sinnock','1997-11-10'),(434,'Nickola MacCleay','1974-04-16'),(435,'Jarrad Gayle','1975-12-31'),(436,'Olivier Tucsell','1986-03-21'),(437,'Talia Yakobovicz','1992-09-26'),(438,'Ibbie Gullifant','1998-04-11'),(439,'Fred Pirozzi','1980-04-27'),(440,'Lusa Magee','1982-04-04'),(441,'Zebedee Husk','1999-11-19'),(442,'Augusta Schafer','1989-07-25'),(443,'Goldina Lardeur','1977-03-25'),(444,'Baxie Ridhole','1988-05-15'),(445,'Georgie Varlow','1995-05-28'),(446,'Millisent Giovannelli','1980-02-18'),(447,'Isis O\'Moylan','1990-11-23'),(448,'Kristos Weathers','1972-04-21'),(449,'Ynez Francescone','1980-07-13'),(450,'Wendel Snaddin','1984-12-20'),(451,'Anissa Webburn','1994-03-12'),(452,'Zacharias Gait','1993-01-01'),(453,'Marc Foster','1994-10-15'),(454,'Langsdon Piccop','1996-08-11'),(455,'Farrell Lowery','1997-04-01'),(456,'Fianna Thonger','1992-07-31'),(457,'Tabbie Plowes','1995-10-03'),(458,'Thebault Malcolmson','1973-11-28'),(459,'Burke Terese','1988-06-14'),(460,'Viviyan McCowen','1985-04-13'),(461,'Georgeta Dawe','1978-03-24'),(462,'Murray McCallum','1999-01-13'),(463,'Arielle Drews','1994-06-01'),(464,'Morten Sloy','1997-08-03'),(465,'Van Kenna','1984-01-02'),(466,'Bonni Phizakarley','1970-05-13'),(467,'Helen-elizabeth Shelper','1997-01-01'),(468,'Nicol Greenshields','1997-04-18'),(469,'Angil Mattisssen','1992-10-12'),(470,'Marabel Feben','1971-02-13'),(471,'Hedwiga Aristide','1979-12-07'),(472,'Haroun Wyborn','1980-12-17'),(473,'Tracey Cheal','1997-07-09'),(474,'Goldia Downey','1973-05-12'),(475,'Pammi Ege','1983-06-13'),(476,'Saraann Cornier','1995-05-30'),(477,'Lucita Lightbourne','1980-03-30'),(478,'Johann Sleigh','1987-10-06'),(479,'Tony Coffelt','1972-03-26'),(480,'Steve Weems','1996-06-20'),(481,'Emelina Pitbladdo','1975-12-29'),(482,'Sydel Clout','1994-11-13'),(483,'Alleen Dyka','1980-02-02'),(484,'Joice Sollon','1995-02-19'),(485,'Tony Jenne','1998-03-21'),(486,'Delano Auty','1971-07-19'),(487,'Kristyn Schoular','1975-07-08'),(488,'Shalom Huyhton','1973-11-05'),(489,'Leopold Abbott','1983-10-12'),(490,'Carolina Clendening','1983-12-05'),(491,'Erasmus Blakeney','1975-08-05'),(492,'Corney Hasnip','1994-07-02'),(493,'Dalli Guierre','1994-01-17'),(494,'Tull Sans','1977-08-02'),(495,'Currey Birts','1999-05-09'),(496,'Aurelea Thornton','1979-10-08'),(497,'Westbrooke Grut','1998-03-01'),(498,'Valerye Dunguy','1991-06-07'),(499,'Tiffie Rubbert','1994-05-20'),(500,'Brittan Szabo','1996-04-23'),(501,'Urban Feldbrin','1970-06-13'),(502,'Drew Ashington','1997-10-23'),(503,'Joell Bursnell','1972-12-31'),(504,'Warner Cuesta','1987-04-01'),(505,'Aguistin Hussey','1983-09-27'),(506,'Germaine Clews','1978-03-26'),(507,'Nikkie Zanussii','1991-08-05'),(508,'Noe Cescoti','1971-02-02'),(509,'Editha Butterwick','1970-07-02'),(510,'Shelagh Hartell','1971-06-09'),(511,'Devin Syratt','1998-07-29'),(512,'Almira Rowlatt','1972-03-17'),(513,'Maud Muncaster','1972-12-31'),(514,'Conny Caswell','1996-05-23'),(515,'Olag Wisbey','1987-09-30'),(516,'Robyn Handke','1996-01-05'),(517,'Hilary Girvin','1987-10-30'),(518,'Doralynne Fuster','1997-04-25'),(519,'Farica Wharfe','1998-11-07'),(520,'Alyse Stainson','1970-03-20'),(521,'Lanie Southworth','1972-10-29'),(522,'Des Godsmark','1973-09-28'),(523,'Konstance Pipet','1973-02-24'),(524,'Zachery Kunkler','1979-06-12'),(525,'Maisey Coltman','1995-04-25'),(526,'Franciskus Fennessy','1984-11-18'),(527,'Nikkie Iacopetti','1992-07-30'),(528,'Dunstan Craddock','1972-01-18'),(529,'Jeramie Grimolbie','1983-07-26'),(530,'Corina Cashley','1976-09-01'),(531,'Lon Mayte','1995-07-30'),(532,'Nicholle Urey','1992-12-12'),(533,'Valentia Farrant','1982-03-23'),(534,'Fayth Tuxill','1993-03-13'),(535,'Carol-jean Oates','1983-10-10'),(536,'Neils Crust','1970-07-13'),(537,'Addia Truckett','1995-02-25'),(538,'Gardiner Wedlock','1971-07-12'),(539,'Hewie Phelp','1985-05-15'),(540,'Carlina Ralph','1983-02-16'),(541,'Jodi Cooke','1971-08-17'),(542,'Lincoln Colledge','1972-05-10'),(543,'Cristiano Tremellier','1982-08-22'),(544,'Nanine Caesman','1971-06-10'),(545,'Titus Hordell','1984-12-29'),(546,'Rosemary Locket','1984-09-13'),(547,'Carolan Mountcastle','1988-08-06'),(548,'Maddie McAlinden','1970-02-27'),(549,'Fidelity Marshland','1997-01-28'),(550,'Charin Marioneau','1975-07-19'),(551,'Brunhilda Gregoratti','1976-09-06'),(552,'Katrine Gurg','1996-02-09'),(553,'Pieter Jaggi','1982-01-28'),(554,'Millisent Carlesso','1989-03-11'),(555,'Ulrick Goulbourn','1995-10-10'),(556,'Aldus Kubes','1979-10-28'),(557,'Penn Vaugham','1978-06-18'),(558,'Antoine Tallet','1973-12-09'),(559,'Neale Zimmermanns','1982-05-21'),(560,'Oralie Symson','2000-01-12'),(561,'Kameko Asher','1978-05-20'),(562,'Fernanda Ballaam','1983-08-06'),(563,'Dasya Bousler','1996-12-29'),(564,'Rustie Ferminger','1978-07-05'),(565,'Nataniel Handrik','1994-08-26'),(566,'Agata Jiggle','1970-12-21'),(567,'Doris Ludvigsen','1997-11-24'),(568,'Herc McDonald','1978-05-19'),(569,'Stan Gosney','1973-02-17'),(570,'Vanya Oen','1974-11-29'),(571,'Amalee Vear','1992-05-29'),(572,'Zenia Bulfield','1986-08-13'),(573,'Gaultiero Mundell','1980-10-25'),(574,'Early Martinson','1974-01-26'),(575,'Ashien Giraldez','1975-07-11'),(576,'Gus Taleworth','1985-09-17'),(577,'Bary Frary','1982-08-13'),(578,'Angelina Castille','1987-01-14'),(579,'Celestina Ions','1977-11-17'),(580,'Alverta MacDonell','1996-10-16'),(581,'Bartlet Dureden','1996-02-10'),(582,'Rafael MacCurley','1994-02-14'),(583,'Lynea Lambrook','1977-04-27'),(584,'Mathias Shields','1984-08-31'),(585,'Irvine Lemm','1979-07-24'),(586,'Gabi Neeves','1998-01-24'),(587,'Odie McCawley','1975-11-03'),(588,'Annabel Costello','1980-07-12'),(589,'Lester Knowller','1971-07-07'),(590,'Giffer Croster','1991-08-10'),(591,'Chelsea Deverose','1971-05-25'),(592,'Gerhardine Hoffman','1999-11-23'),(593,'Ruthann Vasic','1977-04-03'),(594,'Angelle Clarke','1986-01-23'),(595,'Cristy Danelut','1992-11-05'),(596,'Frants Evill','1988-08-13'),(597,'Waly Trevance','1994-11-16'),(598,'Leola Gwinn','1979-09-12'),(599,'Marget Pochin','1988-06-10'),(600,'Devonna Alans','1990-11-04'),(601,'Vanya Priddle','1989-03-25'),(602,'Mahmud Cotes','1977-09-28'),(603,'Arabel Rubinsztein','1992-03-08'),(604,'Sonya Bradburn','1979-01-02'),(605,'Myrilla Sackler','1975-04-22'),(606,'Jessalyn Lowdyane','1971-08-18'),(607,'Catharina Buncombe','1977-01-28'),(608,'Maryl Hitcham','1971-11-18'),(609,'Giselbert Ellingham','1974-08-24'),(610,'Alvy Robic','1970-04-14'),(611,'Ravi Lamberteschi','1977-03-02'),(612,'Rosabella Gumbrell','1988-03-02'),(613,'Zenia Sibery','1994-11-16'),(614,'Laurianne Neeson','1976-03-07'),(615,'Rory Combes','1990-06-01'),(616,'Micheil Barlace','1978-07-01'),(617,'Cherie Hess','1974-03-03'),(618,'Cynthea Haberjam','1977-04-17'),(619,'Jorey Ommanney','1975-10-12'),(620,'Tammie Brannan','1980-09-09'),(621,'Ferdy Capsey','1983-01-30'),(622,'Clint Gillani','1998-05-31'),(623,'Jock Goodey','1983-01-21'),(624,'Zebedee Wanklyn','1971-04-15'),(625,'Claresta Mathelin','1989-04-01'),(626,'Reine Muscott','1970-08-09'),(627,'Allina Davidoff','1979-05-10'),(628,'Cobby Woloschin','1995-03-19'),(629,'Freddy Queste','1970-06-12'),(630,'Baxter Ximenez','1974-08-01'),(631,'Paco Channon','1983-08-13'),(632,'Emelen Schwaiger','1982-09-21'),(633,'Wilhelm Carmel','1992-03-25'),(634,'Arnie Mothersdale','1987-09-04'),(635,'Reagan Haslin','1979-02-09'),(636,'Reynold Kells','1992-12-06'),(637,'Lulu Petticrow','1993-08-15'),(638,'Alanson Lavalde','1988-05-19'),(639,'Darcy Rivenzon','1972-03-12'),(640,'Broderic Gouldie','1997-07-08'),(641,'Josephine Lotze','1988-07-03'),(642,'Bradan Humpatch','1990-12-11'),(643,'Guthrie Langlais','1998-10-22'),(644,'Carlen Mobley','1971-03-03'),(645,'Guenna Feldklein','1996-05-15'),(646,'Dulce Bernardini','1991-05-26'),(647,'Coleen Ellesmere','1976-12-04'),(648,'Barbara-anne Middlemass','1988-11-24'),(649,'Dian Ginnelly','1975-11-14'),(650,'Vernor Shobbrook','1973-04-03'),(651,'Dorise Roseburgh','1982-08-01'),(652,'Vivien Cardow','1994-02-19'),(653,'Halette Coiley','1984-10-21'),(654,'Brittni Polglase','1984-08-26'),(655,'Tierney Arundel','1978-10-16'),(656,'Terence Saura','1993-02-24'),(657,'Reagan Chaytor','1991-05-07'),(658,'Raynor Merryweather','1979-07-09'),(659,'Christye Olden','1995-02-26'),(660,'Robinia Cockshot','1973-01-16'),(661,'Cynthy McBean','1977-07-03'),(662,'Gavin MacSkeagan','1987-05-12'),(663,'Faber Prettyjohns','1971-02-27'),(664,'Arlen Slader','1989-11-29'),(665,'Ernestine Vogl','1981-09-23'),(666,'Kakalina Garvan','1970-07-14'),(667,'Brigg Tremblay','1993-10-05'),(668,'Hale Jurczyk','1980-07-18'),(669,'Bertrand Larder','1985-07-04'),(670,'Phelia Steanyng','1998-07-02'),(671,'Giff Pourvoieur','1988-07-18'),(672,'Wendie Doyley','1979-02-23'),(673,'Brad Sunderland','1987-04-02'),(674,'Lani Goode','1992-02-02'),(675,'Abramo Pratty','1978-01-22'),(676,'Fernando Dartnall','1990-07-23'),(677,'Cecilia MacBean','1986-08-18'),(678,'Rubie Angrick','1973-01-31'),(679,'Veda Costa','1973-11-09'),(680,'Nevile Dulanty','1999-05-15'),(681,'Norrie St. Quintin','1972-02-13'),(682,'Evey Bellocht','1999-08-14'),(683,'Debora Chieze','1980-05-19'),(684,'Valida McMahon','1981-09-16'),(685,'Debor Heare','1984-05-12'),(686,'Lorilee Grigorescu','1976-02-03'),(687,'Neill Longmire','1971-09-26'),(688,'Torre McGlashan','1987-02-03'),(689,'Dorisa Fairham','1982-03-07'),(690,'Ambros Jachimak','1994-04-20'),(691,'Adore Tarbard','1998-05-24'),(692,'Erinna Jakov','1978-08-04'),(693,'Zarah Showl','1977-10-05'),(694,'Ethe Valenti','1987-03-24'),(695,'Ernest Castledine','1989-12-09'),(696,'Dorri Maytum','1972-07-03'),(697,'Romola Novill','1998-12-16'),(698,'Freeman Reinisch','1972-06-20'),(699,'Constantine Durno','1974-01-25'),(700,'Lucais Irnis','1997-07-30'),(701,'Janey MacGille','1987-04-29'),(702,'Nanice Yosifov','1993-08-01'),(703,'Shea Yashnov','1974-11-21'),(704,'Johann Dunston','1972-08-03'),(705,'Romain Sweedy','1981-10-16'),(706,'Kelsey MacRirie','1975-04-04'),(707,'Meg Kuhn','1983-06-21'),(708,'Cathe Billes','1983-08-05'),(709,'Boone Mulcock','1986-01-19'),(710,'Yvette Kimbell','1975-06-04'),(711,'Lurline Giddens','1993-03-18'),(712,'Claus California','1991-03-04'),(713,'Mateo Scouller','2000-01-08'),(714,'Colver Mouan','1989-07-30'),(715,'Jefferson Cashmore','1994-12-02'),(716,'Morie Blackborow','1972-08-03'),(717,'Sonny Seddon','1971-09-27'),(718,'Holt Bode','1989-08-14'),(719,'Mateo Gaitone','1995-09-20'),(720,'Orville Campione','1992-11-08'),(721,'Cybil Choppin','1972-07-20'),(722,'Emerson Stonehouse','1972-03-26'),(723,'Jeniffer Blunt','1978-02-11'),(724,'Sandro Rayson','1991-11-18'),(725,'Lindy Elcocks','1991-01-17'),(726,'Gerardo Littleproud','1983-05-24'),(727,'Dorelle Bryant','1992-08-12'),(728,'Cherin Gomm','1991-09-29'),(729,'Josefa Docwra','1992-01-16'),(730,'Arleta Reppaport','1974-11-20'),(731,'Farlee Loache','1972-04-19'),(732,'Nicole Norwood','1983-02-16'),(733,'Arthur Sutliff','1981-08-13'),(734,'Dorice Henriet','1990-12-24'),(735,'Christoffer McNiff','1978-10-07'),(736,'Courtney Jansema','1981-01-24'),(737,'Gloria Shorto','1977-03-26'),(738,'Staci Rewcassell','1989-02-05'),(739,'Garret Pechold','1973-06-16'),(740,'Catherina Villiers','1982-04-12'),(741,'Axel Loveless','1992-09-30'),(742,'Gerome Carnock','1997-11-06'),(743,'Marena Rustman','1991-03-06'),(744,'Alonso MacCaig','1990-07-24'),(745,'Sergent Row','1998-05-04'),(746,'Tomas Moberley','1990-06-07'),(747,'Arliene Howsley','1988-10-08'),(748,'Zeke Sedcole','1988-07-20'),(749,'Lalo Duddan','1985-10-14'),(750,'Stan Loxdale','1990-06-17'),(751,'Bird Glasson','1992-05-24'),(752,'Justino Berthelet','1983-06-21'),(753,'Kym Hazelton','1973-11-15'),(754,'Emelita Jeavons','1983-05-20'),(755,'Charla Cheverell','1976-10-23'),(756,'Ronny Coldbathe','1998-11-25'),(757,'Adamo Fatharly','1994-02-03'),(758,'Martita Fransemai','1971-09-30'),(759,'Ellie Devine','1991-07-13'),(760,'Thorsten Raubheim','1992-05-19'),(761,'Deloris Dillet','1995-01-23'),(762,'Allistir Birks','1970-08-23'),(763,'Dredi Ruscoe','1988-05-18'),(764,'Karim Bosworth','1988-12-25'),(765,'Joya Cornil','1971-06-06'),(766,'Lacee Cline','1994-05-06'),(767,'Gabriello Tansey','1982-09-15'),(768,'Roland Shobrook','1990-08-01'),(769,'Gennifer Cantrell','1977-03-15'),(770,'Caren Rebert','1996-08-02'),(771,'Britni Pownall','1974-03-22'),(772,'Myron Fuller','1988-01-28'),(773,'Netty Edscer','1993-02-05'),(774,'Hastie Toplis','1971-05-17'),(775,'Debi Orr','1993-12-07'),(776,'Pascal Disney','1991-10-30'),(777,'Erica Locarno','1981-12-24'),(778,'Kyrstin Ligerton','1991-03-03'),(779,'Ramon Flaxon','1998-05-04'),(780,'Ediva Senyard','1975-02-18'),(781,'Ingar Beckham','1971-07-10'),(782,'Frieda Kitchinham','1996-12-23'),(783,'Silvia Piet','1995-03-08'),(784,'Fiona Hilary','1989-02-11'),(785,'Deena Malinson','1973-09-11'),(786,'Gail Douris','1985-03-15'),(787,'Cyndi McAuliffe','1989-07-09'),(788,'Saidee Rummin','1991-01-16'),(789,'Caroline Doylend','1971-04-01'),(790,'Seward Freear','1991-01-19'),(791,'Herrick Adiscot','1989-12-17'),(792,'Clarice Esgate','1975-05-28'),(793,'Elinor Grafton','1970-10-19'),(794,'Lavena Tewkesbury.','1978-06-08'),(795,'Rudyard Merryweather','1992-03-18'),(796,'Duncan Teggart','1971-01-18'),(797,'Gale Daintry','1979-07-25'),(798,'Papagena Lafflina','1981-05-19'),(799,'Edik Harradine','1971-08-24'),(800,'Ibbie Worlock','1979-04-15'),(801,'Ladonna Whitwood','1989-08-28'),(802,'Isac Devericks','1987-09-10'),(803,'Harrison Rapkins','1971-05-22'),(804,'Emmott Bakhrushkin','1984-12-10'),(805,'Kinna Albone','1983-06-13'),(806,'Amara Steven','1973-09-09'),(807,'Pooh Paulisch','1974-04-07'),(808,'Reinhard Placido','1971-11-04'),(809,'Jonah Duckit','1998-02-24'),(810,'Jimmy Jakoubec','1983-04-19'),(811,'Reeba Kowalik','1996-09-22'),(812,'Raine Colton','1974-01-24'),(813,'Rafe Guthrum','1995-01-06'),(814,'Lisa Menchenton','1972-05-17'),(815,'Cobby Copcote','1987-09-17'),(816,'Elnore Diter','1979-04-19'),(817,'Morly Kiljan','1986-03-08'),(818,'Cynthie Edgcombe','1977-02-14'),(819,'Wait Watford','1985-09-25'),(820,'Sherye Riatt','1975-06-18'),(821,'Constantin Barford','1990-10-22'),(822,'Brooke Ainsbury','1981-06-01'),(823,'Eddie Pattenden','1988-03-13'),(824,'Jessalin Taylot','1991-08-04'),(825,'Rosette Peinke','1997-09-30'),(826,'Judy Ailmer','1984-04-03'),(827,'Wynn Eton','1980-11-22'),(828,'Melinde Bruster','1979-08-12'),(829,'Aube Luttger','1992-04-05'),(830,'Poppy Dupre','1972-01-31'),(831,'Althea Budgen','1989-03-14'),(832,'Luis Wagerfield','1971-07-11'),(833,'Caddric Franceschino','1979-01-04'),(834,'Minna Castellini','1993-11-16'),(835,'Gusty Orr','1974-06-11'),(836,'Theobald Cornau','1981-08-20'),(837,'Aylmer Shoebotham','1979-03-11'),(838,'Mickie Gammet','1988-03-30'),(839,'Peterus Eland','1972-05-26'),(840,'Adria Delwater','1984-04-26'),(841,'Rosemonde Cadge','1978-01-14'),(842,'Austina Petken','1978-09-26'),(843,'Jeramey Brumble','1992-09-15'),(844,'Karel Keelan','1971-09-15'),(845,'Ailyn De Laspee','1976-12-03'),(846,'Rosalia Noddles','1973-04-01'),(847,'Karim Wrate','1970-06-14'),(848,'Datha Antal','1996-05-09'),(849,'Vanna Dayne','1980-07-13'),(850,'Vinson Boorne','1978-12-20'),(851,'Karyl Bauld','1984-03-10'),(852,'Charleen Worrall','1971-01-25'),(853,'Holt Jost','1977-03-07'),(854,'Edita Eckhard','1995-06-18'),(855,'Konstance Frantz','1985-02-25'),(856,'Tobie Gelland','1978-05-19'),(857,'Ara Sisland','1999-07-11'),(858,'Dael Hansford','1991-12-08'),(859,'Carleton Kingaby','1993-10-31'),(860,'Toiboid Pardy','1981-03-08'),(861,'Barbi Exrol','1976-02-13'),(862,'Russell Astall','1992-06-16'),(863,'Allison Slessar','1976-12-01'),(864,'Antoinette Loyley','1979-07-18'),(865,'Lind Fusco','1988-06-11'),(866,'Griselda Buyers','1995-10-17'),(867,'Padraig Dobbison','1977-11-26'),(868,'Michaeline Ballefant','1994-12-09'),(869,'Carlee Rivel','1978-12-20'),(870,'Nappy Adenot','1991-12-03'),(871,'Kelsy Seagrove','1996-12-10'),(872,'Matteo Tabord','1983-03-07'),(873,'Wren Cleife','1971-11-20'),(874,'Britteny Vernalls','1970-09-26'),(875,'Vevay Issacov','1975-12-17'),(876,'Abraham Galea','1997-02-18'),(877,'Benji Jonk','1994-11-07'),(878,'Nolana Weedall','1987-04-08'),(879,'Patrizia Danielsson','1973-10-09'),(880,'Christoper Mancell','1983-12-01'),(881,'Monro Godfree','1986-09-10'),(882,'Ansel Stollenhof','1971-10-04'),(883,'Bettye Monget','1977-04-02'),(884,'Calv Wingrove','1987-11-21'),(885,'Duane Aglione','1979-11-26'),(886,'Chandra Corfield','1982-09-21'),(887,'Pennie Cuncliffe','1982-12-29'),(888,'Quint MacCollom','1997-10-26'),(889,'Atlanta Jacketts','1981-09-05'),(890,'Darius Hilldrup','1984-08-28'),(891,'Shaine Ballay','1986-01-13'),(892,'Ted Davsley','1981-06-11'),(893,'Wait Luberto','1989-02-18'),(894,'Maximilien Kirkebye','1996-08-21'),(895,'Cynde Cowmeadow','1979-02-26'),(896,'Lebbie Longthorne','1980-01-06'),(897,'Marc Blaase','1981-12-22'),(898,'Kasper Edghinn','1975-03-05'),(899,'Terry Parnham','1978-01-30'),(900,'Seymour Yanele','1998-12-28'),(901,'Sasha Henriques','1985-06-16'),(902,'Alvan Beckinsale','1980-12-01'),(903,'Erminia Labrenz','1985-06-02'),(904,'Livy Manuely','1982-08-29'),(905,'Jewelle MacGee','1999-09-28'),(906,'Mortimer Rundle','1978-09-09'),(907,'Brennen Moulden','1977-07-20'),(908,'Kelbee Alvey','2000-01-15'),(909,'Sianna Townson','1980-08-19'),(910,'Penny Peart','1983-06-25'),(911,'Grannie Moakson','1991-11-13'),(912,'Kenna Smylie','1986-01-17'),(913,'Drona Creeber','1985-04-10'),(914,'Kellie O\'Rowane','1985-06-19'),(915,'Idelle Gullane','1992-01-27'),(916,'Terrence Andrysek','1975-01-18'),(917,'Rowena Romero','1970-11-02'),(918,'Olympia Tonry','1994-09-20'),(919,'Lotty Jahner','1992-01-06'),(920,'Lenka Jiruca','1971-12-02'),(921,'Kacey Buckberry','1979-04-03'),(922,'Zora Myrtle','1974-02-28'),(923,'Catherin Coolican','1990-06-15'),(924,'Lulita Cholmondeley','1996-04-20'),(925,'Lee Handrahan','1970-11-17'),(926,'Teresina Gates','1970-04-05'),(927,'Lexie Negri','1998-10-23'),(928,'Had Beslier','1979-09-17'),(929,'Shae Shelmerdine','1993-08-31'),(930,'Inglebert Gell','1997-07-11'),(931,'Aluin Lacroix','1988-05-07'),(932,'Kaile Sline','1976-01-17'),(933,'Inglebert Ballinghall','1997-02-16'),(934,'Lizbeth Beaver','1996-12-30'),(935,'Lilias Milsap','1970-07-11'),(936,'Nicolle Burtonwood','1981-02-07'),(937,'Marlin Brickner','1992-10-02'),(938,'Odelinda MacArte','1984-05-19'),(939,'Jillayne Duffie','1994-08-02'),(940,'Doretta Warsop','1999-07-05'),(941,'Kaylee Manicomb','1991-10-22'),(942,'Chad Callister','1991-03-10'),(943,'Beth Bowler','1988-03-27'),(944,'Ive Muselli','1985-01-02'),(945,'Broderic Mainz','1999-02-20'),(946,'Bethanne Riatt','1993-10-01'),(947,'Lauri Bauld','1997-06-30'),(948,'Dulcia Gundry','1975-01-05'),(949,'Stephi Topping','1979-04-05'),(950,'Trevar Laroux','1982-05-05'),(951,'Binny MacGorrie','1999-09-25'),(952,'Kettie Kocher','1999-06-18'),(953,'Rayna MacDunleavy','1992-12-29'),(954,'Nola Pigram','1987-04-01'),(955,'Helenka Pexton','1977-05-31'),(956,'Rafael Labuschagne','1980-02-03'),(957,'Paige Blackie','1970-04-07'),(958,'Kimmy Yakovitch','1993-12-23'),(959,'Mattie Tunmore','1979-08-24'),(960,'Ariadne Knipe','1972-02-11'),(961,'Cross de Zamora','1984-03-13'),(962,'Penrod Lamperti','1996-05-05'),(963,'Werner Bleeze','1994-01-27'),(964,'Tobe Dundredge','1987-07-25'),(965,'Duffie Barnsley','1974-08-19'),(966,'Iain Deware','1985-10-07'),(967,'Kellsie Verdun','1971-01-25'),(968,'Osbourne Buckett','1997-11-16'),(969,'Lemmy Curror','1996-02-12'),(970,'Wilmer Vondra','1996-01-09'),(971,'Charissa Amis','1971-12-09'),(972,'Cullin Blaby','1987-02-13'),(973,'Heriberto Shuttell','1995-02-03'),(974,'Chloe MacRirie','1993-04-04'),(975,'Keenan Geertsen','1992-10-09'),(976,'Hermina Scadden','1979-11-13'),(977,'Bill Sholl','1981-02-19'),(978,'Doralynne Hawkshaw','1985-08-26'),(979,'Zelig Klaassens','1992-12-04'),(980,'Dora Bamb','1987-02-23'),(981,'Lev Cowdray','1984-11-28'),(982,'Norean Prettejohns','1988-12-14'),(983,'Pamella Glendza','1970-05-25'),(984,'Vanny Prigmore','1973-05-18'),(985,'Pandora Hindmoor','1981-08-30'),(986,'Jannelle Glassard','1992-07-18'),(987,'Nil Winny','1979-06-17'),(988,'Cacilie Hynd','1994-04-04'),(989,'Walt Server','1973-08-08'),(990,'Jacqui Dullaghan','1977-04-28'),(991,'Alena Gowing','1993-01-25'),(992,'Egon Abendroth','1994-10-14'),(993,'Patton Berecloth','1982-08-22'),(994,'Evangelin Warrillow','1993-12-04'),(995,'Vassili Northcote','1977-09-25'),(996,'Moyra Lenchenko','1985-06-01'),(997,'Delly La Croce','1987-01-30'),(998,'Jobina Chanson','1989-01-06'),(999,'Hilliard Wyvill','1989-12-27'),(1000,'Mary Ginnally','1989-01-02');
/*!40000 ALTER TABLE `usuarios` ENABLE KEYS */;
UNLOCK TABLES;
/*!40103 SET TIME_ZONE=@OLD_TIME_ZONE */;

/*!40101 SET SQL_MODE=@OLD_SQL_MODE */;
/*!40014 SET FOREIGN_KEY_CHECKS=@OLD_FOREIGN_KEY_CHECKS */;
/*!40014 SET UNIQUE_CHECKS=@OLD_UNIQUE_CHECKS */;
/*!40101 SET CHARACTER_SET_CLIENT=@OLD_CHARACTER_SET_CLIENT */;
/*!40101 SET CHARACTER_SET_RESULTS=@OLD_CHARACTER_SET_RESULTS */;
/*!40101 SET COLLATION_CONNECTION=@OLD_COLLATION_CONNECTION */;
/*!40111 SET SQL_NOTES=@OLD_SQL_NOTES */;

-- Dump completed on 2020-02-22 20:55:47
